{"v":"5.6.5","fr":30,"ip":0,"op":30,"w":2760,"h":1724,"nm":"potet_cut","ddd":0,"assets":[],"layers":[{"ddd":0,"ind":1,"ty":4,"nm":"Layer 2/potet Outlines","sr":1,"ks":{"o":{"a":0,"k":100,"ix":11},"r":{"a":1,"k":[{"i":{"x":[0.838],"y":[1]},"o":{"x":[0.333],"y":[0]},"t":0,"s":[0]},{"i":{"x":[0.552],"y":[-2.469]},"o":{"x":[0.049],"y":[0]},"t":2,"s":[-3]},{"i":{"x":[0.183],"y":[1]},"o":{"x":[0.025],"y":[-2.324]},"t":3,"s":[-1.105]},{"i":{"x":[0.94],"y":[1]},"o":{"x":[0.094],"y":[-0.099]},"t":15,"s":[-3]},{"t":20,"s":[84]}],"ix":10},"p":{"s":true,"x":{"a":0,"k":73.301,"ix":3},"y":{"a":1,"k":[{"i":{"x":[0.486],"y":[1]},"o":{"x":[0.34],"y":[0]},"t":0,"s":[1070]},{"i":{"x":[0.975],"y":[1]},"o":{"x":[0.075],"y":[0]},"t":3,"s":[1385.498]},{"i":{"x":[0.967],"y":[1]},"o":{"x":[0.318],"y":[0]},"t":15,"s":[1385.498]},{"t":21,"s":[2780.096]}],"ix":4}},"a":{"a":0,"k":[79.447,1123.447,0],"ix":1},"s":{"a":0,"k":[95,95,100],"ix":6}},"ao":0,"shapes":[{"ty":"gr","it":[{"ind":0,"ty":"sh","ix":1,"ks":{"a":0,"k":{"i":[[-120.78,-44.891],[-4.72,45.216],[-65.52,-48.897]],"o":[[-120.589,-9.824],[6.757,-65.31],[11.572,8.721]],"v":[[103.267,76.667],[-98.547,-6.266],[59.885,-27.77]],"c":true},"ix":2},"nm":"Path 1","mn":"ADBE Vector Shape - Group","hd":false},{"ty":"fl","c":{"a":0,"k":[0.477999997606,0.361000001197,0.26699999641,1],"ix":4},"o":{"a":0,"k":100,"ix":5},"r":1,"bm":0,"nm":"Fill 1","mn":"ADBE Vector Graphic - Fill","hd":false},{"ty":"tr","p":{"a":0,"k":[847.891,1268.707],"ix":2},"a":{"a":0,"k":[0,0],"ix":1},"s":{"a":0,"k":[100,100],"ix":3},"r":{"a":0,"k":0,"ix":6},"o":{"a":0,"k":100,"ix":7},"sk":{"a":0,"k":0,"ix":4},"sa":{"a":0,"k":0,"ix":5},"nm":"Transform"}],"nm":"Group 1","np":2,"cix":2,"bm":0,"ix":1,"mn":"ADBE Vector Group","hd":false},{"ty":"gr","it":[{"ind":0,"ty":"sh","ix":1,"ks":{"a":0,"k":{"i":[[11.302,-35.168],[0,0],[83.447,-21.041],[-153.552,15.506]],"o":[[0,0],[-22.376,122.849],[105.598,-65.523],[-11.289,35.169]],"v":[[148.627,0.12],[70.256,-17.464],[-182.506,40.965],[182.506,-105.385]],"c":true},"ix":2},"nm":"Path 1","mn":"ADBE Vector Shape - Group","hd":false},{"ty":"fl","c":{"a":0,"k":[0.670999983245,0.528999956916,0.501999978458,1],"ix":4},"o":{"a":0,"k":100,"ix":5},"r":1,"bm":0,"nm":"Fill 1","mn":"ADBE Vector Graphic - Fill","hd":false},{"ty":"tr","p":{"a":0,"k":[1348.006,1492.518],"ix":2},"a":{"a":0,"k":[0,0],"ix":1},"s":{"a":0,"k":[100,100],"ix":3},"r":{"a":0,"k":0,"ix":6},"o":{"a":0,"k":100,"ix":7},"sk":{"a":0,"k":0,"ix":4},"sa":{"a":0,"k":0,"ix":5},"nm":"Transform"}],"nm":"Group 2","np":2,"cix":2,"bm":0,"ix":2,"mn":"ADBE Vector Group","hd":false},{"ty":"gr","it":[{"ind":0,"ty":"sh","ix":1,"ks":{"a":0,"k":{"i":[[-4.033,-16.571],[12.129,3.962],[7.024,7.83],[-0.621,8.886],[-8.035,6.75],[-20.491,-27.009]],"o":[[-12.895,1.322],[-12.13,-3.974],[-7.011,-7.831],[0.609,-8.886],[10.733,-6.343],[9.081,15.81]],"v":[[39.146,38.444],[0.713,34.404],[-28.704,16.283],[-38.525,-9.403],[-25.237,-33.423],[19.415,-10.263]],"c":true},"ix":2},"nm":"Path 1","mn":"ADBE Vector Shape - Group","hd":false},{"ty":"fl","c":{"a":0,"k":[0.783999992819,0.705999995213,0.651000019148,1],"ix":4},"o":{"a":0,"k":100,"ix":5},"r":1,"bm":0,"nm":"Fill 1","mn":"ADBE Vector Graphic - Fill","hd":false},{"ty":"tr","p":{"a":0,"k":[2228.486,1261.094],"ix":2},"a":{"a":0,"k":[0,0],"ix":1},"s":{"a":0,"k":[100,100],"ix":3},"r":{"a":0,"k":0,"ix":6},"o":{"a":0,"k":100,"ix":7},"sk":{"a":0,"k":0,"ix":4},"sa":{"a":0,"k":0,"ix":5},"nm":"Transform"}],"nm":"Group 3","np":2,"cix":2,"bm":0,"ix":3,"mn":"ADBE Vector Group","hd":false},{"ty":"gr","it":[{"ind":0,"ty":"sh","ix":1,"ks":{"a":0,"k":{"i":[[-0.82,-7.747],[11.475,2.527],[6.099,7.147],[-32.775,3.96],[-14.3,-9.304]],"o":[[-10.358,3.524],[-11.474,-2.527],[-13.055,-11.274],[15.679,-1.844],[8.516,4.939]],"v":[[44.208,21.589],[10.153,23.146],[-17.255,8.06],[-14.91,-23.828],[39.168,-4.281]],"c":true},"ix":2},"nm":"Path 1","mn":"ADBE Vector Shape - Group","hd":false},{"ty":"fl","c":{"a":0,"k":[0.277999997606,0.184000007779,0.152999997606,1],"ix":4},"o":{"a":0,"k":100,"ix":5},"r":1,"bm":0,"nm":"Fill 1","mn":"ADBE Vector Graphic - Fill","hd":false},{"ty":"tr","p":{"a":0,"k":[1492.812,840.295],"ix":2},"a":{"a":0,"k":[0,0],"ix":1},"s":{"a":0,"k":[100,100],"ix":3},"r":{"a":0,"k":0,"ix":6},"o":{"a":0,"k":100,"ix":7},"sk":{"a":0,"k":0,"ix":4},"sa":{"a":0,"k":0,"ix":5},"nm":"Transform"}],"nm":"Group 4","np":2,"cix":2,"bm":0,"ix":4,"mn":"ADBE Vector Group","hd":false},{"ty":"gr","it":[{"ind":0,"ty":"sh","ix":1,"ks":{"a":0,"k":{"i":[[42.207,-109.386],[39.444,14.72],[-33.48,67.579]],"o":[[-41.105,60.531],[-81.004,-30.908],[203.772,-7.669]],"v":[[109.344,44.76],[-40.742,47.198],[-118.07,-97.622]],"c":true},"ix":2},"nm":"Path 1","mn":"ADBE Vector Shape - Group","hd":false},{"ty":"fl","c":{"a":0,"k":[0.419999994016,0.310000011968,0.275,1],"ix":4},"o":{"a":0,"k":100,"ix":5},"r":1,"bm":0,"nm":"Fill 1","mn":"ADBE Vector Graphic - Fill","hd":false},{"ty":"tr","p":{"a":0,"k":[737.766,1010.02],"ix":2},"a":{"a":0,"k":[0,0],"ix":1},"s":{"a":0,"k":[100,100],"ix":3},"r":{"a":0,"k":0,"ix":6},"o":{"a":0,"k":100,"ix":7},"sk":{"a":0,"k":0,"ix":4},"sa":{"a":0,"k":0,"ix":5},"nm":"Transform"}],"nm":"Group 5","np":2,"cix":2,"bm":0,"ix":5,"mn":"ADBE Vector Group","hd":false},{"ty":"gr","it":[{"ind":0,"ty":"sh","ix":1,"ks":{"a":0,"k":{"i":[[114.485,-50.44],[-174.329,75.267],[-62.734,41.312],[-13.012,1.798],[-9.683,5.949],[0.394,-11.002],[11.266,-7.507],[-119.302,-57.35],[39.765,2.744]],"o":[[-8.363,-116.295],[57.387,-25.205],[13.03,2.813],[13.012,-1.799],[10.658,8.747],[4.391,9.98],[-67.69,48.445],[43.714,20.85],[-193.671,-12.589]],"v":[[-176.857,230.005],[-32.855,-72.849],[83.182,-219.732],[122.904,-218.185],[157.514,-230.005],[186.976,-203.219],[167.414,-162.498],[163.471,-20.882],[161.026,77.43]],"c":true},"ix":2},"nm":"Path 1","mn":"ADBE Vector Shape - Group","hd":false},{"ty":"fl","c":{"a":0,"k":[0.388000009574,0.275,0.246999987434,1],"ix":4},"o":{"a":0,"k":100,"ix":5},"r":1,"bm":0,"nm":"Fill 1","mn":"ADBE Vector Graphic - Fill","hd":false},{"ty":"tr","p":{"a":0,"k":[1378.427,1257.18],"ix":2},"a":{"a":0,"k":[0,0],"ix":1},"s":{"a":0,"k":[100,100],"ix":3},"r":{"a":0,"k":0,"ix":6},"o":{"a":0,"k":100,"ix":7},"sk":{"a":0,"k":0,"ix":4},"sa":{"a":0,"k":0,"ix":5},"nm":"Transform"}],"nm":"Group 6","np":2,"cix":2,"bm":0,"ix":6,"mn":"ADBE Vector Group","hd":false},{"ty":"gr","it":[{"ind":0,"ty":"sh","ix":1,"ks":{"a":0,"k":{"i":[[-36.289,-13.784],[-12.132,34.877],[5.588,4.023],[6.757,-65.31]],"o":[[34.521,13.113],[6.405,-18.413],[-65.52,-48.898],[-2.371,22.712]],"v":[[-185.235,182.616],[-99.814,142.862],[-81.241,106.461],[-239.672,127.964]],"c":true},"ix":2},"nm":"Path 1","mn":"ADBE Vector Shape - Group","hd":false},{"ind":1,"ty":"sh","ix":2,"ks":{"a":0,"k":{"i":[[0.228,-0.098],[141.183,113.139],[1.794,2.272],[43.849,112.242],[-28.593,-2.854],[-25.569,-10.627],[2.774,-17.613],[-70.007,-26.35],[-41.664,42.9],[-14.349,-5.2],[-28.313,23.253],[13.922,22.026],[-130.108,10.098],[-26.991,10.97],[-22.485,-67.844],[-46.573,-8.494],[55.979,-61.763],[2.263,-1.594],[57.501,-24.708],[-7.241,-106.959],[14.867,-6.48]],"o":[[-212.654,-40.419],[-2.26,-1.81],[-81.27,-102.908],[-10.456,-26.764],[30.089,3.004],[16.465,6.842],[-7.592,48.193],[36.6,13.659],[10.632,-10.948],[24.134,8.746],[33.151,-27.931],[-52.956,-83.776],[31.533,-3.561],[93.584,-34.352],[15.243,45.56],[116.19,21.638],[-1.859,2.051],[-59.489,41.883],[-161.587,69.774],[1.096,16.182],[-0.227,0.1]],"v":[[178.887,366.189],[-351.401,127.525],[-357.508,121.38],[-523.4,-205.106],[-483.787,-257.511],[-399.223,-238.137],[-375.971,-196.431],[-291.99,-77.446],[-151.218,-68.359],[-110.288,-78.136],[-37.859,-72.808],[-70.881,-142.688],[55.882,-289],[146.825,-331.837],[258.449,-268.808],[393.603,-219.286],[477.877,-99.691],[471.667,-94.203],[358.719,50.573],[213.055,347.537],[179.57,365.892]],"c":true},"ix":2},"nm":"Path 2","mn":"ADBE Vector Shape - Group","hd":false},{"ty":"mm","mm":1,"nm":"Merge Paths 1","mn":"ADBE Vector Filter - Merge","hd":false},{"ty":"fl","c":{"a":0,"k":[0.277999997606,0.184000007779,0.152999997606,1],"ix":4},"o":{"a":0,"k":100,"ix":5},"r":1,"bm":0,"nm":"Fill 1","mn":"ADBE Vector Graphic - Fill","hd":false},{"ty":"tr","p":{"a":0,"k":[989.03,1134.477],"ix":2},"a":{"a":0,"k":[0,0],"ix":1},"s":{"a":0,"k":[100,100],"ix":3},"r":{"a":0,"k":0,"ix":6},"o":{"a":0,"k":100,"ix":7},"sk":{"a":0,"k":0,"ix":4},"sa":{"a":0,"k":0,"ix":5},"nm":"Transform"}],"nm":"Group 7","np":4,"cix":2,"bm":0,"ix":7,"mn":"ADBE Vector Group","hd":false},{"ty":"gr","it":[{"ind":0,"ty":"sh","ix":1,"ks":{"a":0,"k":{"i":[[-7.635,1.203],[12.12,-21.419],[37.524,3.142],[16.208,32.511],[-24.412,3.452],[-4.799,-0.341],[-33.407,-2.454],[-7.884,-1.097]],"o":[[17.311,17.589],[-37.416,-4.626],[-43.628,-3.217],[-10.633,-21.41],[4.593,-0.755],[32.865,2.422],[6.672,3.206],[7.871,1.099]],"v":[[89.583,-19.241],[111.238,37.282],[-1.012,23.575],[-112.724,-12.594],[-65.446,-36.302],[-51.246,-36.941],[43.974,-25.609],[66.054,-19.082]],"c":true},"ix":2},"nm":"Path 1","mn":"ADBE Vector Shape - Group","hd":false},{"ty":"fl","c":{"a":0,"k":[0.783999992819,0.705999995213,0.651000019148,1],"ix":4},"o":{"a":0,"k":100,"ix":5},"r":1,"bm":0,"nm":"Fill 1","mn":"ADBE Vector Graphic - Fill","hd":false},{"ty":"tr","p":{"a":0,"k":[2178.024,1318.778],"ix":2},"a":{"a":0,"k":[0,0],"ix":1},"s":{"a":0,"k":[100,100],"ix":3},"r":{"a":0,"k":0,"ix":6},"o":{"a":0,"k":100,"ix":7},"sk":{"a":0,"k":0,"ix":4},"sa":{"a":0,"k":0,"ix":5},"nm":"Transform"}],"nm":"Group 8","np":2,"cix":2,"bm":0,"ix":8,"mn":"ADBE Vector Group","hd":false},{"ty":"gr","it":[{"ind":0,"ty":"sh","ix":1,"ks":{"a":0,"k":{"i":[[-4.916,1.039],[0,0],[-0.368,-11.552],[74.347,-108.088],[0.252,-1.303],[11.117,5.325],[-82.503,133.482]],"o":[[0,0],[11.308,-2.389],[3.202,100.433],[-0.776,1.114],[-2.334,12.104],[-154.736,-74.123],[2.642,-4.274]],"v":[[-53.289,-163.279],[-41.875,-165.69],[-19.635,-148.038],[73.299,145.403],[71.788,149.04],[45.661,162.754],[-65.143,-154.971]],"c":true},"ix":2},"nm":"Path 1","mn":"ADBE Vector Shape - Group","hd":false},{"ty":"fl","c":{"a":0,"k":[0.411999990426,0.275,0.234999997008,1],"ix":4},"o":{"a":0,"k":100,"ix":5},"r":1,"bm":0,"nm":"Fill 1","mn":"ADBE Vector Graphic - Fill","hd":false},{"ty":"tr","p":{"a":0,"k":[356.852,988.331],"ix":2},"a":{"a":0,"k":[0,0],"ix":1},"s":{"a":0,"k":[100,100],"ix":3},"r":{"a":0,"k":0,"ix":6},"o":{"a":0,"k":100,"ix":7},"sk":{"a":0,"k":0,"ix":4},"sa":{"a":0,"k":0,"ix":5},"nm":"Transform"}],"nm":"Group 9","np":2,"cix":2,"bm":0,"ix":9,"mn":"ADBE Vector Group","hd":false},{"ty":"gr","it":[{"ind":0,"ty":"sh","ix":1,"ks":{"a":0,"k":{"i":[[0,0],[-7.073,-17.021],[33.268,-74.615],[17.716,-4.999],[18.779,4.575],[149.566,-14.286],[20.684,13.153],[-41.213,24.337],[-22.376,122.848]],"o":[[7.371,16.853],[-88.952,27.951],[-7.46,11.979],[-17.703,4.999],[12.416,-59.269],[-16.496,1.602],[47.846,-5.099],[83.173,-21.056],[0,0]],"v":[[226.215,-92.948],[248.016,-42.221],[26.442,78.891],[-12.681,105.274],[-69.376,105.943],[-186.464,-0.371],[-248.017,-35.278],[-104.644,-52.089],[148.114,-110.517]],"c":true},"ix":2},"nm":"Path 1","mn":"ADBE Vector Shape - Group","hd":false},{"ty":"fl","c":{"a":0,"k":[0.8,0.647000002394,0.620000023935,1],"ix":4},"o":{"a":0,"k":100,"ix":5},"r":1,"bm":0,"nm":"Fill 1","mn":"ADBE Vector Graphic - Fill","hd":false},{"ty":"tr","p":{"a":0,"k":[1270.406,1585.587],"ix":2},"a":{"a":0,"k":[0,0],"ix":1},"s":{"a":0,"k":[100,100],"ix":3},"r":{"a":0,"k":0,"ix":6},"o":{"a":0,"k":100,"ix":7},"sk":{"a":0,"k":0,"ix":4},"sa":{"a":0,"k":0,"ix":5},"nm":"Transform"}],"nm":"Group 10","np":2,"cix":2,"bm":0,"ix":10,"mn":"ADBE Vector Group","hd":false},{"ty":"gr","it":[{"ind":0,"ty":"sh","ix":1,"ks":{"a":0,"k":{"i":[[27.805,-5.93],[0,0],[0.682,-0.204],[3.848,-1.042],[6.278,3.722],[113.116,51.188],[24.325,7.158],[0.75,0.149],[62.483,64.539],[-0.458,27.44],[-25.148,20.079],[-0.573,0.567],[-2.274,13.346],[-6.636,4.173],[-1.468,9.33],[-16.499,-8.698],[-54.529,-15.115],[-2.886,-2.324],[-158.662,-45.975]],"o":[[0,0],[-0.696,0.148],[-3.819,1.145],[-7.044,1.908],[-110.031,-65.226],[-22.67,-9.506],[-0.734,-0.216],[-50.659,-10.154],[-25.033,-22.603],[0.453,-27.111],[0.63,-0.503],[9.624,-9.529],[1.316,-7.727],[11.285,-7.097],[2.9,-18.425],[47.236,24.901],[3.571,0.989],[113.424,91.292],[27.307,7.913]],"v":[[336.923,147.662],[287.015,158.305],[284.949,158.836],[273.466,162.086],[252.597,159.309],[-110.934,112.397],[-181.528,87.371],[-183.756,86.808],[-327.69,96.608],[-365.661,19.279],[-326.123,-53.567],[-324.295,-55.156],[-310.895,-91.669],[-298.382,-110.343],[-281.593,-135.501],[-241.928,-155.296],[-74.672,-120.877],[-64.901,-115.825],[338.812,94.676]],"c":true},"ix":2},"nm":"Path 1","mn":"ADBE Vector Shape - Group","hd":false},{"ty":"fl","c":{"a":0,"k":[0.40800000359,0.310000011968,0.289999988032,1],"ix":4},"o":{"a":0,"k":100,"ix":5},"r":1,"bm":0,"nm":"Fill 1","mn":"ADBE Vector Graphic - Fill","hd":false},{"ty":"tr","p":{"a":0,"k":[712.73,1378.228],"ix":2},"a":{"a":0,"k":[0,0],"ix":1},"s":{"a":0,"k":[100,100],"ix":3},"r":{"a":0,"k":0,"ix":6},"o":{"a":0,"k":100,"ix":7},"sk":{"a":0,"k":0,"ix":4},"sa":{"a":0,"k":0,"ix":5},"nm":"Transform"}],"nm":"Group 11","np":2,"cix":2,"bm":0,"ix":11,"mn":"ADBE Vector Group","hd":false},{"ty":"gr","it":[{"ind":0,"ty":"sh","ix":1,"ks":{"a":0,"k":{"i":[[17.299,17.576],[0,0],[-3.17,-5.833],[55.396,1.647]],"o":[[0,0],[7.813,3.345],[-34.967,18.618],[12.672,-21.387]],"v":[[-67.757,-27.338],[50.752,-30.8],[67.756,-16.608],[-46.654,29.153]],"c":true},"ix":2},"nm":"Path 1","mn":"ADBE Vector Shape - Group","hd":false},{"ty":"fl","c":{"a":0,"k":[0.783999992819,0.705999995213,0.651000019148,1],"ix":4},"o":{"a":0,"k":100,"ix":5},"r":1,"bm":0,"nm":"Fill 1","mn":"ADBE Vector Graphic - Fill","hd":false},{"ty":"tr","p":{"a":0,"k":[2335.363,1326.875],"ix":2},"a":{"a":0,"k":[0,0],"ix":1},"s":{"a":0,"k":[100,100],"ix":3},"r":{"a":0,"k":0,"ix":6},"o":{"a":0,"k":100,"ix":7},"sk":{"a":0,"k":0,"ix":4},"sa":{"a":0,"k":0,"ix":5},"nm":"Transform"}],"nm":"Group 12","np":2,"cix":2,"bm":0,"ix":12,"mn":"ADBE Vector Group","hd":false},{"ty":"gr","it":[{"ind":0,"ty":"sh","ix":1,"ks":{"a":0,"k":{"i":[[2.164,-3.867],[8.988,-17.352],[8.794,18.068],[4.757,2.738],[-64.974,39.934],[-7.731,-8.814],[-4.39,-23.285],[9.242,-5.084],[0,0]],"o":[[-9.6,17.157],[-9.241,17.843],[-2.308,-4.74],[-146.186,-83.416],[9.988,-6.14],[18.618,21.225],[1.953,10.366],[0,0],[-3.884,2.136]],"v":[[97.306,21.252],[78.379,75.864],[34.939,74.944],[24.755,63.388],[69.445,-87.567],[100.221,-83.244],[119.478,-14.206],[107.378,11.705],[106.628,12.117]],"c":true},"ix":2},"nm":"Path 1","mn":"ADBE Vector Shape - Group","hd":false},{"ty":"fl","c":{"a":0,"k":[0.783999992819,0.705999995213,0.651000019148,1],"ix":4},"o":{"a":0,"k":100,"ix":5},"r":1,"bm":0,"nm":"Fill 1","mn":"ADBE Vector Graphic - Fill","hd":false},{"ty":"tr","p":{"a":0,"k":[1795.613,1195.304],"ix":2},"a":{"a":0,"k":[0,0],"ix":1},"s":{"a":0,"k":[100,100],"ix":3},"r":{"a":0,"k":0,"ix":6},"o":{"a":0,"k":100,"ix":7},"sk":{"a":0,"k":0,"ix":4},"sa":{"a":0,"k":0,"ix":5},"nm":"Transform"}],"nm":"Group 13","np":2,"cix":2,"bm":0,"ix":13,"mn":"ADBE Vector Group","hd":false},{"ty":"gr","it":[{"ind":0,"ty":"sh","ix":1,"ks":{"a":0,"k":{"i":[[0,0],[35.317,-83.652],[95.504,-3.836],[7.358,16.853],[-11.104,35.171],[-41.268,10.085]],"o":[[1.284,76.779],[-101.989,-32.268],[-7.074,-17.021],[11.474,-35.153],[26.791,-28.222],[0,0]],"v":[[29.481,-111.323],[136.365,99.429],[-149.88,111.323],[-171.682,60.595],[-137.815,-44.896],[-20.582,-83.7]],"c":true},"ix":2},"nm":"Path 1","mn":"ADBE Vector Shape - Group","hd":false},{"ty":"fl","c":{"a":0,"k":[0.819999964097,0.681999954523,0.666999966491,1],"ix":4},"o":{"a":0,"k":100,"ix":5},"r":1,"bm":0,"nm":"Fill 1","mn":"ADBE Vector Graphic - Fill","hd":false},{"ty":"tr","p":{"a":0,"k":[1668.315,1432.043],"ix":2},"a":{"a":0,"k":[0,0],"ix":1},"s":{"a":0,"k":[100,100],"ix":3},"r":{"a":0,"k":0,"ix":6},"o":{"a":0,"k":100,"ix":7},"sk":{"a":0,"k":0,"ix":4},"sa":{"a":0,"k":0,"ix":5},"nm":"Transform"}],"nm":"Group 14","np":2,"cix":2,"bm":0,"ix":14,"mn":"ADBE Vector Group","hd":false},{"ty":"gr","it":[{"ind":0,"ty":"sh","ix":1,"ks":{"a":0,"k":{"i":[[-20.669,27.767],[196.085,-155.788],[15.864,1.546],[13.77,5.951],[1.284,76.779],[-34.49,32.521],[-3.413,1.701]],"o":[[195.834,160.307],[-14.937,3.134],[-15.862,-1.56],[35.316,-83.652],[36.955,-28.594],[2.775,-2.618],[42.268,-21.065]],"v":[[1.649,-167.046],[1.192,163.1],[-45.579,165.499],[-90.585,154.09],[-197.482,-56.661],[-58.215,-73.483],[-48.825,-79.911]],"c":true},"ix":2},"nm":"Path 1","mn":"ADBE Vector Shape - Group","hd":false},{"ty":"fl","c":{"a":0,"k":[0.905999995213,0.823999980852,0.764999988032,1],"ix":4},"o":{"a":0,"k":100,"ix":5},"r":1,"bm":0,"nm":"Fill 1","mn":"ADBE Vector Graphic - Fill","hd":false},{"ty":"tr","p":{"a":0,"k":[1895.278,1377.383],"ix":2},"a":{"a":0,"k":[0,0],"ix":1},"s":{"a":0,"k":[100,100],"ix":3},"r":{"a":0,"k":0,"ix":6},"o":{"a":0,"k":100,"ix":7},"sk":{"a":0,"k":0,"ix":4},"sa":{"a":0,"k":0,"ix":5},"nm":"Transform"}],"nm":"Group 15","np":2,"cix":2,"bm":0,"ix":15,"mn":"ADBE Vector Group","hd":false},{"ty":"gr","it":[{"ind":0,"ty":"sh","ix":1,"ks":{"a":0,"k":{"i":[[0,0],[-68.053,34.581],[-50.115,-62.005],[24.34,-10.205],[14.949,11.976],[-3.913,-14.726],[80.235,-11.529],[12.382,-6.625],[63.306,56.421],[44.805,28.613]],"o":[[87.323,7.724],[111.125,-53.872],[19.331,23.924],[-36.442,16.062],[-19.66,-15.699],[32.221,120.31],[-14.896,3.799],[-51.62,29.946],[-14.776,-32.957],[0,0]],"v":[[-256.746,-37.773],[-14.93,-79.573],[272.511,-54.826],[265.648,4.478],[216.994,-24.794],[153.668,-31.898],[-32.882,54.852],[-74.022,70.565],[-247.833,77.024],[-291.842,-21.753]],"c":true},"ix":2},"nm":"Path 1","mn":"ADBE Vector Shape - Group","hd":false},{"ty":"fl","c":{"a":0,"k":[0.902000038297,0.830999995213,0.783999992819,1],"ix":4},"o":{"a":0,"k":100,"ix":5},"r":1,"bm":0,"nm":"Fill 1","mn":"ADBE Vector Graphic - Fill","hd":false},{"ty":"tr","p":{"a":0,"k":[2162.573,1123.521],"ix":2},"a":{"a":0,"k":[0,0],"ix":1},"s":{"a":0,"k":[100,100],"ix":3},"r":{"a":0,"k":0,"ix":6},"o":{"a":0,"k":100,"ix":7},"sk":{"a":0,"k":0,"ix":4},"sa":{"a":0,"k":0,"ix":5},"nm":"Transform"}],"nm":"Group 16","np":2,"cix":2,"bm":0,"ix":16,"mn":"ADBE Vector Group","hd":false},{"ty":"gr","it":[{"ind":0,"ty":"sh","ix":1,"ks":{"a":0,"k":{"i":[[-15.164,-8.993],[-29.256,-24.843],[-21.7,-134.907],[26.79,-28.209],[105.594,-65.523],[47.847,-5.098],[7.428,4.679],[0,0],[-7.264,4.845],[-193.637,-13.141],[43.758,20.285],[-67.691,48.442],[-0.409,11.133],[10.903,8.796],[-104.409,23.053]],"o":[[-10.207,36.747],[-191.831,94.233],[-41.28,10.084],[-153.552,15.506],[-41.215,24.337],[-7.731,-4.327],[0,0],[8.187,-4.118],[114.757,-50.424],[39.763,2.941],[-119.303,-57.351],[11.498,-7.525],[0.408,-11.132],[67.571,-35.331],[28.48,-5.964]],"v":[[334.459,-316.559],[386.106,-231.207],[262.387,136.726],[145.155,175.516],[-219.854,321.866],[-363.227,338.675],[-386.106,325.17],[-341.662,232.308],[-193.682,275.612],[146.447,116.552],[157.06,25.277],[148.93,-124.378],[167.451,-153.402],[125.872,-189.084],[268.15,-340.239]],"c":true},"ix":2},"nm":"Path 1","mn":"ADBE Vector Shape - Group","hd":false},{"ty":"fl","c":{"a":0,"k":[0.528999956916,0.404000016755,0.340999977261,1],"ix":4},"o":{"a":0,"k":100,"ix":5},"r":1,"bm":0,"nm":"Fill 1","mn":"ADBE Vector Graphic - Fill","hd":false},{"ty":"tr","p":{"a":0,"k":[1385.346,1211.618],"ix":2},"a":{"a":0,"k":[0,0],"ix":1},"s":{"a":0,"k":[100,100],"ix":3},"r":{"a":0,"k":0,"ix":6},"o":{"a":0,"k":100,"ix":7},"sk":{"a":0,"k":0,"ix":4},"sa":{"a":0,"k":0,"ix":5},"nm":"Transform"}],"nm":"Group 17","np":2,"cix":2,"bm":0,"ix":17,"mn":"ADBE Vector Group","hd":false},{"ty":"gr","it":[{"ind":0,"ty":"sh","ix":1,"ks":{"a":0,"k":{"i":[[13.959,-1.036],[15.571,22.33],[-15.676,1.662],[32.191,120.686],[-19.673,-15.699],[-36.378,15.132],[19.346,23.738],[111.126,-53.87],[86.958,7.505],[-52.742,15.05],[-166.042,22.761],[47.751,-82.915],[66.563,-88.931],[39.564,-1.952],[9.081,15.823],[19.381,-18.072]],"o":[[19.211,-30.838],[11.641,-7.201],[81.66,-8.229],[-3.913,-14.725],[14.936,11.975],[24.352,-10.204],[-50.938,-62.065],[-67.755,34.426],[-12.391,-31.475],[153.901,-45.296],[128.922,-16.561],[-52.686,93.535],[-39.504,1.216],[-4.034,-16.559],[-41.008,-53.834],[-13.377,0.701]],"v":[[-141.264,181.401],[-185.842,96.924],[-131.73,67.162],[53.505,-12.932],[116.833,-5.827],[165.472,23.444],[172.336,-35.859],[-115.105,-60.607],[-355.816,-18.724],[-312.673,-88.105],[168.468,-190.453],[320.457,-68.068],[141.477,205.797],[5.915,195.804],[-13.815,147.098],[-39.977,189.421]],"c":true},"ix":2},"nm":"Path 1","mn":"ADBE Vector Shape - Group","hd":false},{"ty":"fl","c":{"a":0,"k":[0.783999992819,0.705999995213,0.651000019148,1],"ix":4},"o":{"a":0,"k":100,"ix":5},"r":1,"bm":0,"nm":"Fill 1","mn":"ADBE Vector Graphic - Fill","hd":false},{"ty":"tr","p":{"a":0,"k":[2261.686,1104.102],"ix":2},"a":{"a":0,"k":[0,0],"ix":1},"s":{"a":0,"k":[100,100],"ix":3},"r":{"a":0,"k":0,"ix":6},"o":{"a":0,"k":100,"ix":7},"sk":{"a":0,"k":0,"ix":4},"sa":{"a":0,"k":0,"ix":5},"nm":"Transform"}],"nm":"Group 18","np":2,"cix":2,"bm":0,"ix":18,"mn":"ADBE Vector Group","hd":false},{"ty":"gr","it":[{"ind":0,"ty":"sh","ix":1,"ks":{"a":0,"k":{"i":[[-12.971,-7.681],[-5.703,-14.596],[16.077,2.925],[-3.873,27.71]],"o":[[21.981,13.017],[5.946,15.221],[-41.483,-7.545],[2.087,-14.93]],"v":[[-4.356,-32.52],[33.871,8.988],[10.71,37.276],[-35.944,-17.301]],"c":true},"ix":2},"nm":"Path 1","mn":"ADBE Vector Shape - Group","hd":false},{"ty":"fl","c":{"a":0,"k":[0.250999989229,0.13300000359,0.063000002094,1],"ix":4},"o":{"a":0,"k":100,"ix":5},"r":1,"bm":0,"nm":"Fill 1","mn":"ADBE Vector Graphic - Fill","hd":false},{"ty":"tr","p":{"a":0,"k":[2788.497,359.293],"ix":2},"a":{"a":0,"k":[0,0],"ix":1},"s":{"a":0,"k":[100,100],"ix":3},"r":{"a":0,"k":0,"ix":6},"o":{"a":0,"k":100,"ix":7},"sk":{"a":0,"k":0,"ix":4},"sa":{"a":0,"k":0,"ix":5},"nm":"Transform"}],"nm":"Group 19","np":2,"cix":2,"bm":0,"ix":19,"mn":"ADBE Vector Group","hd":false},{"ty":"gr","it":[{"ind":0,"ty":"sh","ix":1,"ks":{"a":0,"k":{"i":[[7.423,-16.925],[-39.998,41.678],[-7.841,-17.449]],"o":[[-84.199,-21.393],[20.499,12.174],[7.852,17.45]],"v":[[43.996,49.062],[-11.42,-49.062],[43.343,-3.642]],"c":true},"ix":2},"nm":"Path 1","mn":"ADBE Vector Shape - Group","hd":false},{"ty":"fl","c":{"a":0,"k":[0.380000005984,0.286000001197,0.246999987434,1],"ix":4},"o":{"a":0,"k":100,"ix":5},"r":1,"bm":0,"nm":"Fill 1","mn":"ADBE Vector Graphic - Fill","hd":false},{"ty":"tr","p":{"a":0,"k":[2500.005,645.733],"ix":2},"a":{"a":0,"k":[0,0],"ix":1},"s":{"a":0,"k":[100,100],"ix":3},"r":{"a":0,"k":0,"ix":6},"o":{"a":0,"k":100,"ix":7},"sk":{"a":0,"k":0,"ix":4},"sa":{"a":0,"k":0,"ix":5},"nm":"Transform"}],"nm":"Group 20","np":2,"cix":2,"bm":0,"ix":20,"mn":"ADBE Vector Group","hd":false},{"ty":"gr","it":[{"ind":0,"ty":"sh","ix":1,"ks":{"a":0,"k":{"i":[[0,0],[71.496,28.143],[-12.186,48.6],[-78.287,-45.144],[-0.046,-0.159],[11.732,-23.118],[-64.949,-16.501]],"o":[[-22.838,46.127],[-101.421,-40.099],[9.762,-38.28],[0.047,0.159],[7.285,24.881],[-14.986,29.529],[0,0]],"v":[[118.301,64.456],[-16.88,98.179],[-64.636,-48.587],[60.466,-81.178],[60.606,-80.701],[53.523,-6.02],[118.286,64.641]],"c":true},"ix":2},"nm":"Path 1","mn":"ADBE Vector Shape - Group","hd":false},{"ty":"fl","c":{"a":0,"k":[0.804000016755,0.698000021542,0.675,1],"ix":4},"o":{"a":0,"k":100,"ix":5},"r":1,"bm":0,"nm":"Fill 1","mn":"ADBE Vector Graphic - Fill","hd":false},{"ty":"tr","p":{"a":0,"k":[2425.702,630.153],"ix":2},"a":{"a":0,"k":[0,0],"ix":1},"s":{"a":0,"k":[100,100],"ix":3},"r":{"a":0,"k":0,"ix":6},"o":{"a":0,"k":100,"ix":7},"sk":{"a":0,"k":0,"ix":4},"sa":{"a":0,"k":0,"ix":5},"nm":"Transform"}],"nm":"Group 21","np":2,"cix":2,"bm":0,"ix":21,"mn":"ADBE Vector Group","hd":false},{"ty":"gr","it":[{"ind":0,"ty":"sh","ix":1,"ks":{"a":0,"k":{"i":[[0,0],[-0.61,-12.126],[-7.847,-11.194],[-13.712,-8.314],[-17.204,-3.99],[-33.397,25.831],[-12.73,1.876],[-8.998,6.195],[-10.479,-68.833],[39.11,-37.24],[138.633,-58.032],[-10.329,38.425],[-14.27,61.758],[15.279,15.436],[-154.128,64.951]],"o":[[-6.733,10.949],[0.621,12.125],[7.845,11.192],[13.712,8.314],[69.471,17.87],[12.685,3.003],[12.731,-1.875],[20.919,51.414],[-45.651,16.697],[-159.866,22.154],[-29.256,-24.844],[37.449,26.758],[-0.337,-18.092],[-70.986,-91.479],[0,0]],"v":[[-51.135,-105.625],[-60.419,-70.623],[-47.582,-35.252],[-14.881,-5.662],[32.011,13],[137.408,-62.035],[175.444,-59.131],[209.775,-71.209],[357.815,29.726],[197.394,85.562],[-260.613,190.366],[-325.947,108.865],[-232.605,104.12],[-256.571,52.667],[-203.687,-190.367]],"c":true},"ix":2},"nm":"Path 1","mn":"ADBE Vector Shape - Group","hd":false},{"ty":"fl","c":{"a":0,"k":[0.4,0.313999998803,0.270999983245,1],"ix":4},"o":{"a":0,"k":100,"ix":5},"r":1,"bm":0,"nm":"Fill 1","mn":"ADBE Vector Graphic - Fill","hd":false},{"ty":"tr","p":{"a":0,"k":[2030.988,789.778],"ix":2},"a":{"a":0,"k":[0,0],"ix":1},"s":{"a":0,"k":[100,100],"ix":3},"r":{"a":0,"k":0,"ix":6},"o":{"a":0,"k":100,"ix":7},"sk":{"a":0,"k":0,"ix":4},"sa":{"a":0,"k":0,"ix":5},"nm":"Transform"}],"nm":"Group 22","np":2,"cix":2,"bm":0,"ix":22,"mn":"ADBE Vector Group","hd":false},{"ty":"gr","it":[{"ind":0,"ty":"sh","ix":1,"ks":{"a":0,"k":{"i":[[-5.368,-5.161],[0,0],[9.19,33.489],[-8.359,2.047],[-9.045,-0.65],[-7.988,-3.219]],"o":[[0,0],[-42.041,-5.91],[6.022,-4.345],[8.348,-2.048],[9.057,0.648],[7.988,3.219]],"v":[[47.219,-10.979],[44.183,30.233],[-47.22,-17.752],[-25.382,-27.461],[1.051,-29.584],[26.937,-23.709]],"c":true},"ix":2},"nm":"Path 1","mn":"ADBE Vector Shape - Group","hd":false},{"ty":"fl","c":{"a":0,"k":[0.4,0.313999998803,0.270999983245,1],"ix":4},"o":{"a":0,"k":100,"ix":5},"r":1,"bm":0,"nm":"Fill 1","mn":"ADBE Vector Graphic - Fill","hd":false},{"ty":"tr","p":{"a":0,"k":[1463.999,691.717],"ix":2},"a":{"a":0,"k":[0,0],"ix":1},"s":{"a":0,"k":[100,100],"ix":3},"r":{"a":0,"k":0,"ix":6},"o":{"a":0,"k":100,"ix":7},"sk":{"a":0,"k":0,"ix":4},"sa":{"a":0,"k":0,"ix":5},"nm":"Transform"}],"nm":"Group 23","np":2,"cix":2,"bm":0,"ix":23,"mn":"ADBE Vector Group","hd":false},{"ty":"gr","it":[{"ind":0,"ty":"sh","ix":1,"ks":{"a":0,"k":{"i":[[-25.64,12.555],[-10.939,-39.991],[83.965,-58.31],[-139.976,19.684]],"o":[[58.581,30.005],[-146.952,-32.579],[-6.793,-84.873],[30.142,-7.093]],"v":[[96.315,-100.329],[159.287,13.247],[-152.495,100.329],[12.24,-70.713]],"c":true},"ix":2},"nm":"Path 1","mn":"ADBE Vector Shape - Group","hd":false},{"ty":"fl","c":{"a":0,"k":[0.4,0.313999998803,0.270999983245,1],"ix":4},"o":{"a":0,"k":100,"ix":5},"r":1,"bm":0,"nm":"Fill 1","mn":"ADBE Vector Graphic - Fill","hd":false},{"ty":"tr","p":{"a":0,"k":[1737.298,538.772],"ix":2},"a":{"a":0,"k":[0,0],"ix":1},"s":{"a":0,"k":[100,100],"ix":3},"r":{"a":0,"k":0,"ix":6},"o":{"a":0,"k":100,"ix":7},"sk":{"a":0,"k":0,"ix":4},"sa":{"a":0,"k":0,"ix":5},"nm":"Transform"}],"nm":"Group 24","np":2,"cix":2,"bm":0,"ix":24,"mn":"ADBE Vector Group","hd":false},{"ty":"gr","it":[{"ind":0,"ty":"sh","ix":1,"ks":{"a":0,"k":{"i":[[-6.782,10.956],[-9.779,53.652],[58.581,30.005],[8.432,4.787],[4.668,6.707],[-0.081,7.242],[-4.81,6.278],[-44.472,23.346],[-38.641,-89.657],[39.72,-60.446],[70.056,17.351],[13.737,8.329],[7.847,11.216],[0.597,12.147]],"o":[[60.41,-66.42],[-10.926,-39.993],[-10.476,-1.879],[-8.444,-4.787],[-4.657,-6.707],[0.082,-7.241],[32.104,-58.945],[27.764,86.607],[28.712,66.24],[-29.975,30.04],[-17.24,-3.987],[-13.736,-8.328],[-7.845,-11.216],[-0.583,-12.146]],"v":[[-12.174,118.967],[-96.546,-13.247],[-159.519,-126.823],[-188.266,-136.957],[-208.183,-154.43],[-215.134,-175.634],[-207.707,-196.185],[-56.557,-212.983],[168.772,-19.755],[175.495,163.923],[70.957,237.778],[23.979,219.096],[-8.771,189.449],[-21.57,154.011]],"c":true},"ix":2},"nm":"Path 1","mn":"ADBE Vector Shape - Group","hd":false},{"ty":"fl","c":{"a":0,"k":[0.305999995213,0.226999993418,0.180000005984,1],"ix":4},"o":{"a":0,"k":100,"ix":5},"r":1,"bm":0,"nm":"Fill 1","mn":"ADBE Vector Graphic - Fill","hd":false},{"ty":"tr","p":{"a":0,"k":[1992.014,565.185],"ix":2},"a":{"a":0,"k":[0,0],"ix":1},"s":{"a":0,"k":[100,100],"ix":3},"r":{"a":0,"k":0,"ix":6},"o":{"a":0,"k":100,"ix":7},"sk":{"a":0,"k":0,"ix":4},"sa":{"a":0,"k":0,"ix":5},"nm":"Transform"}],"nm":"Group 25","np":2,"cix":2,"bm":0,"ix":25,"mn":"ADBE Vector Group","hd":false},{"ty":"gr","it":[{"ind":0,"ty":"sh","ix":1,"ks":{"a":0,"k":{"i":[[-10.245,3.303],[7.411,4.858],[15.141,-2.073],[-13.594,-11.315],[-11.217,-2.5]],"o":[[-0.809,-7.747],[-14.864,-9.345],[-33.328,3.918],[6.103,6.944],[11.218,2.499]],"v":[[385.822,-9.494],[381.899,-35.283],[327.822,-54.83],[325.463,-22.942],[352.411,-8.241]],"c":true},"ix":2},"nm":"Path 1","mn":"ADBE Vector Shape - Group","hd":false},{"ind":1,"ty":"sh","ix":2,"ks":{"a":0,"k":{"i":[[0,0],[-32.121,25.941],[-7.107,-1.263],[-94.651,72.532],[-22.059,-118.81],[-66.341,14.986],[24.667,34.441],[-64.183,30.894],[-113.105,13.653],[0,0],[-43.468,-61.889],[0,-0.002],[-41.978,-6.842],[0,0],[10.533,41.65],[-148.088,-32.102],[62.079,-66.297],[0,0],[-70.986,-91.479],[-0.001,-0.001],[-0.339,-18.089],[0.001,-0.004],[37.447,26.759],[29.049,-6.295],[67.59,-35.706],[13.012,-1.799],[13.031,2.814],[118.295,22.033],[16.617,45.661],[93.59,-34.351],[31.318,-3.811],[-52.404,-83.735],[33.15,-27.932],[-24.638,37.842],[0,0],[203.751,-7.48],[0.004,0.003],[64.079,0.598],[-96.577,-120.928],[46.32,57.044],[0,0.001],[0.361,10.153],[-5.588,8.026],[-24.757,109.922]],"o":[[-7.758,-29.46],[5.616,-4.535],[126.292,22.432],[58.918,-46.094],[7.37,39.354],[60.185,-14.314],[-63.642,-89.438],[93.682,-42.873],[0,0],[15.611,63.21],[0.001,0.002],[10.297,33.568],[0,0],[31.19,-8.95],[82.873,-58.391],[-10.423,54.916],[0,0],[-154.138,64.95],[0.001,0.001],[15.276,15.434],[0,0.004],[-15.364,61.67],[-15.164,-8.992],[-104.391,22.682],[-9.683,5.95],[-13.012,1.798],[60.224,-63.81],[-45.187,-8.392],[-22.756,-67.863],[-26.691,11.131],[-130.039,9.167],[13.922,22.026],[-66.038,62.593],[13.486,-20.716],[42.206,-109.385],[-0.005,0],[-46.822,-31.383],[54.117,132.047],[-68.093,-21.513],[-0.001,0],[0.742,-10.064],[-0.362,-10.153],[79.852,-115.419],[0,0]],"v":[[-855.247,-44.715],[-858.612,-131.047],[-838.555,-136.164],[-511.318,-191.299],[-329.452,-150.333],[-206.358,-76.576],[-242.325,-179.452],[-81.337,-313.89],[232.715,-387.893],[232.715,-387.892],[265.084,-198.015],[265.086,-198.01],[356.489,-150.028],[359.524,-191.24],[434.203,-232.796],[745.984,-319.877],[828.654,-187.226],[676.099,-271.78],[623.203,-28.749],[623.206,-28.746],[647.17,22.7],[647.169,22.711],[553.828,27.45],[501.468,14.778],[383.62,156.089],[349.01,167.908],[309.289,166.36],[228.136,43.381],[92.982,-6.14],[-18.378,-39.472],[-106.101,-16.876],[-224.666,126.632],[-189.386,194.105],[-306.578,183.406],[-306.579,183.405],[-529.938,89.403],[-547.989,82.019],[-671.289,26.645],[-510.977,387.893],[-716.234,325.329],[-716.235,325.328],[-717.045,294.897],[-723.545,262.541],[-823.155,-38.215]],"c":true},"ix":2},"nm":"Path 2","mn":"ADBE Vector Shape - Group","hd":false},{"ty":"mm","mm":1,"nm":"Merge Paths 1","mn":"ADBE Vector Filter - Merge","hd":false},{"ty":"fl","c":{"a":0,"k":[0.328999986836,0.231000010173,0.195999998205,1],"ix":4},"o":{"a":0,"k":100,"ix":5},"r":1,"bm":0,"nm":"Fill 1","mn":"ADBE Vector Graphic - Fill","hd":false},{"ty":"tr","p":{"a":0,"k":[1151.186,871.378],"ix":2},"a":{"a":0,"k":[0,0],"ix":1},"s":{"a":0,"k":[100,100],"ix":3},"r":{"a":0,"k":0,"ix":6},"o":{"a":0,"k":100,"ix":7},"sk":{"a":0,"k":0,"ix":4},"sa":{"a":0,"k":0,"ix":5},"nm":"Transform"}],"nm":"Group 26","np":4,"cix":2,"bm":0,"ix":26,"mn":"ADBE Vector Group","hd":false},{"ty":"gr","it":[{"ind":0,"ty":"sh","ix":1,"ks":{"a":0,"k":{"i":[[4.073,0.865],[0,0],[-19.401,5.167],[43.223,34.944],[-81.503,-110.817],[83.6,1.14]],"o":[[0,0],[-19.64,-4.171],[28.884,-7.694],[168.803,18.628],[-69.207,-22.468],[-4.164,-0.057]],"v":[[-30.788,36.888],[-193.244,2.387],[-194.135,-34.682],[-188.376,-88.043],[213.537,88.043],[-18.404,38.302]],"c":true},"ix":2},"nm":"Path 1","mn":"ADBE Vector Shape - Group","hd":false},{"ty":"fl","c":{"a":0,"k":[0.717999985639,0.616000007181,0.564999988032,1],"ix":4},"o":{"a":0,"k":100,"ix":5},"r":1,"bm":0,"nm":"Fill 1","mn":"ADBE Vector Graphic - Fill","hd":false},{"ty":"tr","p":{"a":0,"k":[2583.658,169.427],"ix":2},"a":{"a":0,"k":[0,0],"ix":1},"s":{"a":0,"k":[100,100],"ix":3},"r":{"a":0,"k":0,"ix":6},"o":{"a":0,"k":100,"ix":7},"sk":{"a":0,"k":0,"ix":4},"sa":{"a":0,"k":0,"ix":5},"nm":"Transform"}],"nm":"Group 27","np":2,"cix":2,"bm":0,"ix":27,"mn":"ADBE Vector Group","hd":false},{"ty":"gr","it":[{"ind":0,"ty":"sh","ix":1,"ks":{"a":0,"k":{"i":[[5.858,-36.816],[39.078,-10.795],[-6.302,32.723],[194.966,-1.193],[67.053,73.191],[-141.763,-69.184]],"o":[[-33.592,16.978],[-32.109,6.258],[19.438,-116.877],[91.334,-56.454],[196.395,54.786],[-6.04,36.681]],"v":[[200.209,127.218],[90.809,169.029],[38.019,131.952],[-157.145,3.946],[-218.051,-175.288],[218.052,16.973]],"c":true},"ix":2},"nm":"Path 1","mn":"ADBE Vector Shape - Group","hd":false},{"ty":"fl","c":{"a":0,"k":[0.263000009574,0.169000004787,0.122000002394,1],"ix":4},"o":{"a":0,"k":100,"ix":5},"r":1,"bm":0,"nm":"Fill 1","mn":"ADBE Vector Graphic - Fill","hd":false},{"ty":"tr","p":{"a":0,"k":[2685.86,559.226],"ix":2},"a":{"a":0,"k":[0,0],"ix":1},"s":{"a":0,"k":[100,100],"ix":3},"r":{"a":0,"k":0,"ix":6},"o":{"a":0,"k":100,"ix":7},"sk":{"a":0,"k":0,"ix":4},"sa":{"a":0,"k":0,"ix":5},"nm":"Transform"}],"nm":"Group 28","np":2,"cix":2,"bm":0,"ix":28,"mn":"ADBE Vector Group","hd":false},{"ty":"gr","it":[{"ind":0,"ty":"sh","ix":1,"ks":{"a":0,"k":{"i":[[197.862,-78.227],[7.166,4.798],[195.833,160.305],[0,0],[-51.068,29.991],[0,0],[-17.638,-35.616],[-43.583,-3.783],[-37.416,-4.639],[-35.507,18.572],[0,0]],"o":[[-6.322,-5.313],[196.086,-155.8],[0,0],[63.872,56.27],[0,0],[19.977,45.344],[16.208,32.499],[37.542,2.761],[54.021,1.54],[0,0],[-142.668,123.914]],"v":[[-263.635,180.755],[-283.893,165.58],[-283.435,-164.564],[-263.748,-180.755],[-93.471,-180.755],[-45.19,-112.698],[-113.99,-68.075],[-2.278,-31.906],[109.972,-18.198],[224.382,-63.959],[283.892,-91.629]],"c":true},"ix":2},"nm":"Path 1","mn":"ADBE Vector Shape - Group","hd":false},{"ty":"fl","c":{"a":0,"k":[0.760999971278,0.666999966491,0.596000043084,1],"ix":4},"o":{"a":0,"k":100,"ix":5},"r":1,"bm":0,"nm":"Fill 1","mn":"ADBE Vector Graphic - Fill","hd":false},{"ty":"tr","p":{"a":0,"k":[2179.27,1374.825],"ix":2},"a":{"a":0,"k":[0,0],"ix":1},"s":{"a":0,"k":[100,100],"ix":3},"r":{"a":0,"k":0,"ix":6},"o":{"a":0,"k":100,"ix":7},"sk":{"a":0,"k":0,"ix":4},"sa":{"a":0,"k":0,"ix":5},"nm":"Transform"}],"nm":"Group 29","np":2,"cix":2,"bm":0,"ix":29,"mn":"ADBE Vector Group","hd":false},{"ty":"gr","it":[{"ind":0,"ty":"sh","ix":1,"ks":{"a":0,"k":{"i":[[43.245,-18.005],[108.943,55.116],[13.372,25.733],[57.094,35.144],[-52.558,47.987],[-48.16,-24.549],[-8.238,-31.357],[-186.57,-75.067],[-0.362,-10.154]],"o":[[-50.3,-84.844],[-50.022,-25.624],[-21.12,-41.119],[13.828,-60.181],[46.364,-22.644],[-47.313,28.012],[-94.033,145.877],[-0.741,10.064],[-15.466,25.291]],"v":[[127.347,316.531],[-130.174,85.543],[-149.861,-4.911],[-219.429,-102.807],[-104.689,-293.887],[22.91,-251.108],[29.765,-159.954],[163.434,160.691],[219.429,211.962]],"c":true},"ix":2},"nm":"Path 1","mn":"ADBE Vector Shape - Group","hd":false},{"ty":"fl","c":{"a":0,"k":[0.477999997606,0.365000017952,0.328999986836,1],"ix":4},"o":{"a":0,"k":100,"ix":5},"r":1,"bm":0,"nm":"Fill 1","mn":"ADBE Vector Graphic - Fill","hd":false},{"ty":"tr","p":{"a":0,"k":[279.678,983.765],"ix":2},"a":{"a":0,"k":[0,0],"ix":1},"s":{"a":0,"k":[100,100],"ix":3},"r":{"a":0,"k":0,"ix":6},"o":{"a":0,"k":100,"ix":7},"sk":{"a":0,"k":0,"ix":4},"sa":{"a":0,"k":0,"ix":5},"nm":"Transform"}],"nm":"Group 30","np":2,"cix":2,"bm":0,"ix":30,"mn":"ADBE Vector Group","hd":false},{"ty":"gr","it":[{"ind":0,"ty":"sh","ix":1,"ks":{"a":0,"k":{"i":[[31.108,-10.365],[0,0],[4.74,0.584],[55.649,131.523],[29.575,-9.445],[33.837,11.918],[-36.665,-0.917],[-179.816,-34.025],[-4.349,-3.932],[9.442,-7.217],[-26.68,-5.555],[0,0]],"o":[[0,0],[-4.531,1.51],[-156.94,-19.342],[-14.906,-35.036],[-50.325,14.917],[-34.592,-12.185],[184.625,4.619],[5.761,1.09],[20.026,18.108],[-21.649,16.551],[0,0],[32.101,6.684]],"v":[[305.188,115.76],[305.188,115.76],[291.106,117.162],[-79.715,-48.74],[-177.465,-55.945],[-301.704,-54.389],[-290.353,-116.829],[254.055,-48.171],[269.537,-40.514],[280.254,-4.453],[293.908,52.272],[301.584,53.871]],"c":true},"ix":2},"nm":"Path 1","mn":"ADBE Vector Shape - Group","hd":false},{"ty":"fl","c":{"a":0,"k":[0.573000021542,0.477999997606,0.419999994016,1],"ix":4},"o":{"a":0,"k":100,"ix":5},"r":1,"bm":0,"nm":"Fill 1","mn":"ADBE Vector Graphic - Fill","hd":false},{"ty":"tr","p":{"a":0,"k":[2141.226,129.555],"ix":2},"a":{"a":0,"k":[0,0],"ix":1},"s":{"a":0,"k":[100,100],"ix":3},"r":{"a":0,"k":0,"ix":6},"o":{"a":0,"k":100,"ix":7},"sk":{"a":0,"k":0,"ix":4},"sa":{"a":0,"k":0,"ix":5},"nm":"Transform"}],"nm":"Group 31","np":2,"cix":2,"bm":0,"ix":31,"mn":"ADBE Vector Group","hd":false},{"ty":"gr","it":[{"ind":0,"ty":"sh","ix":1,"ks":{"a":0,"k":{"i":[[311.38,-28.823],[-55.561,23.083],[-17.738,4.9],[-7.632,11.903],[-88.951,27.939],[-102.002,-32.269],[-15.863,-1.56],[-14.937,3.134],[-6.323,-5.314]],"o":[[-21.687,-82.41],[18.705,4.647],[17.75,-4.889],[33.255,-74.615],[95.504,-3.836],[13.771,5.951],[15.863,1.559],[7.166,4.797],[-257.874,114.918]],"v":[[-421.098,137.298],[-273.408,54.443],[-216.777,54.056],[-177.351,27.96],[44.493,-93.124],[330.751,-105.029],[375.758,-93.62],[422.528,-96.019],[442.786,-80.833]],"c":true},"ix":2},"nm":"Path 1","mn":"ADBE Vector Shape - Group","hd":false},{"ty":"fl","c":{"a":0,"k":[0.670999983245,0.528999956916,0.501999978458,1],"ix":4},"o":{"a":0,"k":100,"ix":5},"r":1,"bm":0,"nm":"Fill 1","mn":"ADBE Vector Graphic - Fill","hd":false},{"ty":"tr","p":{"a":0,"k":[1474.225,1636.519],"ix":2},"a":{"a":0,"k":[0,0],"ix":1},"s":{"a":0,"k":[100,100],"ix":3},"r":{"a":0,"k":0,"ix":6},"o":{"a":0,"k":100,"ix":7},"sk":{"a":0,"k":0,"ix":4},"sa":{"a":0,"k":0,"ix":5},"nm":"Transform"}],"nm":"Group 32","np":2,"cix":2,"bm":0,"ix":32,"mn":"ADBE Vector Group","hd":false},{"ty":"gr","it":[{"ind":0,"ty":"sh","ix":1,"ks":{"a":0,"k":{"i":[[196.625,85.548],[-90.285,-2.906],[20.347,36.565],[-129.4,23.095],[-7.951,2.414],[-7.732,-4.328],[-16.496,1.601],[12.428,-59.268],[-21.094,-82.929]],"o":[[91.765,-32.233],[47.863,2.212],[-75.558,-134.934],[8.213,-2.202],[7.428,4.678],[20.738,12.404],[149.572,-14.286],[-55.512,22.531],[-206.076,12.563]],"v":[[-395.107,50.636],[-126.181,70.457],[-60.755,41.524],[137.014,-129.522],[161.102,-136.184],[183.98,-122.679],[245.535,-87.772],[362.615,18.541],[214.936,101.408]],"c":true},"ix":2},"nm":"Path 1","mn":"ADBE Vector Shape - Group","hd":false},{"ty":"fl","c":{"a":0,"k":[0.875,0.776000019148,0.752999997606,1],"ix":4},"o":{"a":0,"k":100,"ix":5},"r":1,"bm":0,"nm":"Fill 1","mn":"ADBE Vector Graphic - Fill","hd":false},{"ty":"tr","p":{"a":0,"k":[838.219,1672.04],"ix":2},"a":{"a":0,"k":[0,0],"ix":1},"s":{"a":0,"k":[100,100],"ix":3},"r":{"a":0,"k":0,"ix":6},"o":{"a":0,"k":100,"ix":7},"sk":{"a":0,"k":0,"ix":4},"sa":{"a":0,"k":0,"ix":5},"nm":"Transform"}],"nm":"Group 33","np":2,"cix":2,"bm":0,"ix":33,"mn":"ADBE Vector Group","hd":false},{"ty":"gr","it":[{"ind":0,"ty":"sh","ix":1,"ks":{"a":0,"k":{"i":[[62.929,-35.38],[-14.182,22.953],[87.202,44.677],[38.523,4.527],[74.887,27.268],[-45.37,16.718],[20.919,51.416],[-9.468,56.863],[-46.227,5.594],[12.21,-45.222],[9.762,-38.28],[-101.434,-40.099],[-22.827,46.129],[0,0],[-68.752,-50.254],[-57.203,22.783],[-38.644,12.151],[28.007,-52.665]],"o":[[-126.148,16.765],[58.926,-95.217],[-50.017,-25.81],[-70.713,-8.586],[39.109,-37.242],[-11.302,-68.894],[17.108,-54.988],[8.02,-48.532],[52.949,-6.596],[-78.298,-45.143],[-12.186,48.6],[71.483,28.143],[0,0],[-9.372,36.808],[46.36,33.978],[36.588,-14.365],[13.899,56.809],[-28.009,52.665]],"v":[[159.229,289.771],[105.909,226.031],[-34.249,52.392],[-129.99,70.835],[-333.292,83.414],[-174.019,27.842],[-320.912,-73.357],[-271.042,-241.427],[-159.295,-299.94],[-75.494,-242.953],[-200.608,-210.361],[-152.839,-63.595],[-17.67,-97.319],[94.601,-72.544],[35.935,19.129],[203.701,25.493],[319.393,-11.354],[297.872,155.543]],"c":true},"ix":2},"nm":"Path 1","mn":"ADBE Vector Shape - Group","hd":false},{"ty":"fl","c":{"a":0,"k":[0.541000007181,0.447000002394,0.40800000359,1],"ix":4},"o":{"a":0,"k":100,"ix":5},"r":1,"bm":0,"nm":"Fill 1","mn":"ADBE Vector Graphic - Fill","hd":false},{"ty":"tr","p":{"a":0,"k":[2561.662,791.926],"ix":2},"a":{"a":0,"k":[0,0],"ix":1},"s":{"a":0,"k":[100,100],"ix":3},"r":{"a":0,"k":0,"ix":6},"o":{"a":0,"k":100,"ix":7},"sk":{"a":0,"k":0,"ix":4},"sa":{"a":0,"k":0,"ix":5},"nm":"Transform"}],"nm":"Group 34","np":2,"cix":2,"bm":0,"ix":34,"mn":"ADBE Vector Group","hd":false},{"ty":"gr","it":[{"ind":0,"ty":"sh","ix":1,"ks":{"a":0,"k":{"i":[[-23.189,-9.688],[-100.504,-52.592],[46.793,107.127],[50.458,62.438],[51.566,-29.198],[-71.992,134.43],[-21.121,-41.119],[-50.025,-25.624],[-50.3,-84.844],[14.547,-12.809],[0.458,-27.439],[-25.033,-22.604],[-51.331,-11.649]],"o":[[-94.698,53.199],[-160.957,25.644],[-25.021,-68.318],[-51.194,-58.7],[-69.695,-140.635],[57.095,35.145],[13.372,25.735],[108.941,55.112],[-5.517,18.347],[-25.747,20.19],[-0.457,27.451],[62.944,65.016],[24.904,7.22]],"v":[[298.144,252.453],[303.95,358.244],[25.455,249.789],[-88.278,52.782],[-234.255,40.905],[-230.708,-383.888],[-174.923,-259.404],[-143.297,-180.014],[100.733,34.468],[83.354,85.688],[42.865,159.277],[80.836,236.619],[225.895,227.057]],"c":true},"ix":2},"nm":"Path 1","mn":"ADBE Vector Shape - Group","hd":false},{"ty":"fl","c":{"a":0,"k":[0.536999990426,0.438999998803,0.40800000359,1],"ix":4},"o":{"a":0,"k":100,"ix":5},"r":1,"bm":0,"nm":"Fill 1","mn":"ADBE Vector Graphic - Fill","hd":false},{"ty":"tr","p":{"a":0,"k":[304.2,1238.218],"ix":2},"a":{"a":0,"k":[0,0],"ix":1},"s":{"a":0,"k":[100,100],"ix":3},"r":{"a":0,"k":0,"ix":6},"o":{"a":0,"k":100,"ix":7},"sk":{"a":0,"k":0,"ix":4},"sa":{"a":0,"k":0,"ix":5},"nm":"Transform"}],"nm":"Group 35","np":2,"cix":2,"bm":0,"ix":35,"mn":"ADBE Vector Group","hd":false},{"ty":"gr","it":[{"ind":0,"ty":"sh","ix":1,"ks":{"a":0,"k":{"i":[[91.764,-32.233],[44.522,175.586],[-51.746,-58.745],[-25.021,-68.318],[-160.956,25.644],[-94.698,53.199],[-128.357,-112.508],[-75.558,-134.932],[47.863,2.212]],"o":[[-196.939,-122.703],[51.565,-29.198],[50.459,62.438],[47.621,107.189],[-100.502,-52.592],[116.351,52.259],[-129.399,23.095],[20.345,36.566],[-90.216,-3.839]],"v":[[-85.669,231.017],[-458.836,-212.536],[-312.859,-200.659],[-199.126,-3.652],[79.368,104.802],[73.563,-0.989],[458.836,52.892],[248.614,222.837],[183.187,251.771]],"c":true},"ix":2},"nm":"Path 1","mn":"ADBE Vector Shape - Group","hd":false},{"ty":"fl","c":{"a":0,"k":[0.677999997606,0.579999976065,0.54900004069,1],"ix":4},"o":{"a":0,"k":100,"ix":5},"r":1,"bm":0,"nm":"Fill 1","mn":"ADBE Vector Graphic - Fill","hd":false},{"ty":"tr","p":{"a":0,"k":[528.78,1491.658],"ix":2},"a":{"a":0,"k":[0,0],"ix":1},"s":{"a":0,"k":[100,100],"ix":3},"r":{"a":0,"k":0,"ix":6},"o":{"a":0,"k":100,"ix":7},"sk":{"a":0,"k":0,"ix":4},"sa":{"a":0,"k":0,"ix":5},"nm":"Transform"}],"nm":"Group 36","np":2,"cix":2,"bm":0,"ix":36,"mn":"ADBE Vector Group","hd":false},{"ty":"gr","it":[{"ind":0,"ty":"sh","ix":1,"ks":{"a":0,"k":{"i":[[-126.16,16.763],[102.575,-56.389],[0,0],[8.057,3.595],[-53.042,93.522],[128.922,-16.56],[153.89,-45.295],[-12.39,-31.475],[0,0],[-157.708,-90.001],[-6.184,-13.948],[38.274,-29.614],[0,0],[-191.847,94.42],[-159.866,22.154],[-70.714,-8.586],[-50.006,-25.811],[58.926,-95.217]],"o":[[-68.084,77.03],[0,0],[-3.182,-5.857],[66.932,-88.889],[47.752,-82.916],[-166.029,22.762],[-52.738,14.863],[0,0],[-57.501,45.633],[13.853,7.956],[-69.57,94.666],[0,0],[-21.731,-134.539],[138.617,-57.844],[74.887,27.268],[37.7,4.466],[87.26,43.93],[-14.195,22.953]],"v":[[567.832,-16.979],[310.079,184.518],[248.956,211.512],[248.956,211.512],[429.028,-62.271],[277.04,-184.657],[-204.089,-82.309],[-247.244,-12.927],[-273.976,-0.461],[-332.731,160.208],[-273.155,185.502],[-455.276,222.043],[-505.338,249.666],[-381.591,-118.453],[75.299,-223.337],[278.602,-235.916],[374.343,-254.358],[514.512,-80.72]],"c":true},"ix":2},"nm":"Path 1","mn":"ADBE Vector Shape - Group","hd":false},{"ty":"fl","c":{"a":0,"k":[0.638999968884,0.54900004069,0.501999978458,1],"ix":4},"o":{"a":0,"k":100,"ix":5},"r":1,"bm":0,"nm":"Fill 1","mn":"ADBE Vector Graphic - Fill","hd":false},{"ty":"tr","p":{"a":0,"k":[2153.083,1098.678],"ix":2},"a":{"a":0,"k":[0,0],"ix":1},"s":{"a":0,"k":[100,100],"ix":3},"r":{"a":0,"k":0,"ix":6},"o":{"a":0,"k":100,"ix":7},"sk":{"a":0,"k":0,"ix":4},"sa":{"a":0,"k":0,"ix":5},"nm":"Transform"}],"nm":"Group 37","np":2,"cix":2,"bm":0,"ix":37,"mn":"ADBE Vector Group","hd":false},{"ty":"gr","it":[{"ind":0,"ty":"sh","ix":1,"ks":{"a":0,"k":{"i":[[-3.531,-24.326],[-24.101,-6.358],[11.713,19.381],[9.34,7.104]],"o":[[2.299,15.836],[21.895,5.776],[-4.599,-7.609],[-19.564,-14.88]],"v":[[327.438,-148.027],[364.078,-114.222],[392.157,-151.723],[371.753,-173.805]],"c":true},"ix":2},"nm":"Path 1","mn":"ADBE Vector Shape - Group","hd":false},{"ind":1,"ty":"sh","ix":2,"ks":{"a":0,"k":{"i":[[27.763,86.606],[-144.042,29.695],[33.577,60.411],[0,0],[-70.012,-40.596],[-18.204,-54.909],[16.047,-53.851],[196.395,54.786],[91.259,-55.522],[19.439,-116.876],[-31.286,6.32],[-33.615,16.844],[14.674,-29.665],[36.589,-14.366],[46.36,33.977],[-9.372,36.809],[0,0],[7.853,17.449],[20.499,12.174],[4.657,15.905],[52.962,-6.597],[8.02,-48.533],[17.17,-55.92],[12.731,-1.875],[12.683,3.003],[28.712,66.238]],"o":[[132.626,-40.474],[103.479,-21.623],[0,0],[85.779,-0.052],[49.261,46.398],[18.19,54.909],[-156.003,-30.247],[67.053,73.19],[194.413,-1.232],[-5.498,33.157],[39.04,-10.681],[11.433,31.341],[-38.643,12.152],[-57.203,22.784],[-68.233,-49.654],[0,0],[7.423,-16.927],[-7.841,-17.45],[-4.386,-15.886],[12.223,-45.223],[-46.214,5.594],[-9.457,56.864],[-8.998,6.197],[-12.731,1.877],[39.976,-60.427],[-38.581,-90.404]],"v":[[-495.138,-159.437],[-71.731,-157.758],[15.828,-260.988],[-5.929,-335.556],[373.491,-251.128],[475.83,-97.456],[479.091,67.52],[43.018,-125.113],[103.924,54.119],[299.088,182.126],[351.877,219.202],[461.249,177.765],[456.306,271.148],[340.614,307.996],[172.849,301.632],[231.467,210.702],[119.18,186.117],[118.526,133.411],[52.253,96.409],[61.36,40.296],[-22.442,-16.691],[-134.188,41.821],[-184.045,209.89],[-217.287,222.237],[-263.671,218.117],[-273.282,37.132]],"c":true},"ix":2},"nm":"Path 2","mn":"ADBE Vector Shape - Group","hd":false},{"ty":"mm","mm":1,"nm":"Merge Paths 1","mn":"ADBE Vector Filter - Merge","hd":false},{"ty":"fl","c":{"a":0,"k":[0.380000005984,0.286000001197,0.246999987434,1],"ix":4},"o":{"a":0,"k":100,"ix":5},"r":1,"bm":0,"nm":"Fill 1","mn":"ADBE Vector Graphic - Fill","hd":false},{"ty":"tr","p":{"a":0,"k":[2424.808,508.679],"ix":2},"a":{"a":0,"k":[0,0],"ix":1},"s":{"a":0,"k":[100,100],"ix":3},"r":{"a":0,"k":0,"ix":6},"o":{"a":0,"k":100,"ix":7},"sk":{"a":0,"k":0,"ix":4},"sa":{"a":0,"k":0,"ix":5},"nm":"Transform"}],"nm":"Group 38","np":4,"cix":2,"bm":0,"ix":38,"mn":"ADBE Vector Group","hd":false},{"ty":"gr","it":[{"ind":0,"ty":"sh","ix":1,"ks":{"a":0,"k":{"i":[[-7.137,62.258],[-14.694,48.79],[-184.572,-23.164],[21.494,62.519],[-9.916,25.33],[-41.106,-3.404],[-101.27,29.284],[-14.981,-34.103],[-159.306,-19.427],[103.478,-21.622],[133.764,-40.951],[27.752,-39.628],[0.081,-7.242],[-4.656,-6.706],[-8.443,-4.788],[-10.477,-1.88],[29.763,-7.183],[-8.167,-84.975],[31.201,-8.95],[7.951,3.212],[9.02,0.664],[8.335,-2.011],[6.046,-4.298]],"o":[[27.586,-46.529],[34.57,-114.824],[-8.197,-84.601],[9.631,-25.165],[37.546,-15.983],[51.501,54.607],[28.395,-8.595],[56.501,133.536],[51.701,53.514],[-142.938,29.777],[-44.472,23.347],[-4.808,6.279],[-0.093,7.241],[4.657,6.707],[8.432,4.788],[-25.295,12.521],[-140.259,19.663],[10.534,41.65],[-5.343,-5.137],[-7.951,-3.211],[-9.008,-0.665],[-8.334,2.012],[-40.753,-61.126]],"v":[[-548.25,137.542],[-468.52,-2.452],[-155.769,-151.523],[-332.261,-254.153],[-302.812,-329.792],[-182.287,-334.222],[29.771,-273.406],[127.508,-266.203],[505.529,-99.409],[419.543,8.336],[3.318,18.104],[-112.498,23.347],[-139.994,39.354],[-150.16,63.738],[-130.243,81.212],[-95.599,93.111],[-185.109,123.129],[-336.25,292.916],[-418.109,345.775],[-445.368,324.625],[-473.3,324.217],[-496.077,324.805],[-516.477,340.965]],"c":true},"ix":2},"nm":"Path 1","mn":"ADBE Vector Shape - Group","hd":false},{"ty":"fl","c":{"a":0,"k":[0.463000009574,0.361000001197,0.325,1],"ix":4},"o":{"a":0,"k":100,"ix":5},"r":1,"bm":0,"nm":"Fill 1","mn":"ADBE Vector Graphic - Fill","hd":false},{"ty":"tr","p":{"a":0,"k":[1933.255,346.025],"ix":2},"a":{"a":0,"k":[0,0],"ix":1},"s":{"a":0,"k":[100,100],"ix":3},"r":{"a":0,"k":0,"ix":6},"o":{"a":0,"k":100,"ix":7},"sk":{"a":0,"k":0,"ix":4},"sa":{"a":0,"k":0,"ix":5},"nm":"Transform"}],"nm":"Group 39","np":2,"cix":2,"bm":0,"ix":39,"mn":"ADBE Vector Group","hd":false},{"ty":"gr","it":[{"ind":0,"ty":"sh","ix":1,"ks":{"a":0,"k":{"i":[[-32.856,39.015],[-72.437,78.846],[-139.059,-90.683],[-51.295,55.655],[-20.251,-0.179],[-157.448,60.956],[-8.198,-84.602],[34.557,-114.825],[27.574,-46.528],[94.256,-42.696],[-63.643,-89.438],[60.129,-13.568],[7.372,39.354],[59.747,-46.032],[131.113,25.224],[30.882,-0.911],[6.335,2.125],[4.012,3.973],[0.546,4.689],[-3.076,4.071]],"o":[[29.249,-54.092],[30.167,-32.65],[68.874,44.826],[16.284,-17.55],[236.833,3.206],[21.494,62.52],[-184.561,-23.165],[-14.707,48.79],[-113.578,13.254],[-64.183,30.892],[25.219,34.482],[-66.341,14.984],[-22.057,-118.809],[-96.54,74.445],[-26.785,-13.224],[-6.854,0.328],[-6.335,-2.126],[-4.012,-3.973],[-0.546,-4.688],[16.684,-19.206]],"v":[[-751.965,147.045],[-533.966,36.741],[-336.364,-7.757],[140.07,-95.264],[197.4,-142.413],[626.242,-363.924],[802.734,-261.294],[489.995,-112.223],[409.173,27.691],[94.224,112.477],[-29.481,242.855],[-32.481,348.94],[-182.589,261.443],[-331.092,252.613],[-677.305,289.326],[-759.256,268.567],[-779.412,265.82],[-795.225,256.5],[-802.189,243.262],[-798.322,229.876]],"c":true},"ix":2},"nm":"Path 1","mn":"ADBE Vector Shape - Group","hd":false},{"ty":"fl","c":{"a":0,"k":[0.411999990426,0.275,0.234999997008,1],"ix":4},"o":{"a":0,"k":100,"ix":5},"r":1,"bm":0,"nm":"Fill 1","mn":"ADBE Vector Graphic - Fill","hd":false},{"ty":"tr","p":{"a":0,"k":[975.832,455.875],"ix":2},"a":{"a":0,"k":[0,0],"ix":1},"s":{"a":0,"k":[100,100],"ix":3},"r":{"a":0,"k":0,"ix":6},"o":{"a":0,"k":100,"ix":7},"sk":{"a":0,"k":0,"ix":4},"sa":{"a":0,"k":0,"ix":5},"nm":"Transform"}],"nm":"Group 40","np":2,"cix":2,"bm":0,"ix":40,"mn":"ADBE Vector Group","hd":false},{"ty":"gr","it":[{"ind":0,"ty":"sh","ix":1,"ks":{"a":0,"k":{"i":[[126.506,-10.177],[-538.377,31.568],[-124.207,9.22],[9.631,-25.164],[236.831,3.207],[16.298,-17.735],[68.873,44.824],[30.167,-32.65]],"o":[[165.91,-330.138],[124.634,-7.314],[-9.916,25.331],[-157.448,60.955],[-20.253,-0.18],[-51.295,55.656],[-138.783,-90.665],[-72.161,78.867]],"v":[[-703.689,293.315],[330.788,-265.862],[703.689,-293.315],[674.24,-217.675],[245.4,3.836],[188.07,50.984],[-288.364,138.493],[-485.966,182.989]],"c":true},"ix":2},"nm":"Path 1","mn":"ADBE Vector Shape - Group","hd":false},{"ty":"fl","c":{"a":0,"k":[0.294000004787,0.195999998205,0.152999997606,1],"ix":4},"o":{"a":0,"k":100,"ix":5},"r":1,"bm":0,"nm":"Fill 1","mn":"ADBE Vector Graphic - Fill","hd":false},{"ty":"tr","p":{"a":0,"k":[927.576,309.607],"ix":2},"a":{"a":0,"k":[0,0],"ix":1},"s":{"a":0,"k":[100,100],"ix":3},"r":{"a":0,"k":0,"ix":6},"o":{"a":0,"k":100,"ix":7},"sk":{"a":0,"k":0,"ix":4},"sa":{"a":0,"k":0,"ix":5},"nm":"Transform"}],"nm":"Group 41","np":2,"cix":2,"bm":0,"ix":41,"mn":"ADBE Vector Group","hd":false}],"ip":0,"op":26,"st":0,"bm":0},{"ddd":0,"ind":2,"ty":4,"nm":"Layer 3/potet Outlines","sr":1,"ks":{"o":{"a":0,"k":100,"ix":11},"r":{"a":0,"k":0,"ix":10},"p":{"s":true,"x":{"a":1,"k":[{"i":{"x":[0.654],"y":[1.105]},"o":{"x":[0.308],"y":[0.402]},"t":0,"s":[1380]},{"i":{"x":[0.412],"y":[1]},"o":{"x":[0.408],"y":[0.211]},"t":3,"s":[1403]},{"t":8,"s":[1380]}],"ix":3},"y":{"a":1,"k":[{"i":{"x":[0.667],"y":[1]},"o":{"x":[0.333],"y":[0]},"t":0,"s":[862]},{"i":{"x":[0.925],"y":[1]},"o":{"x":[0.075],"y":[0]},"t":3,"s":[878.768]},{"i":{"x":[0.7],"y":[0.223]},"o":{"x":[0.478],"y":[0]},"t":7,"s":[860.311]},{"t":8,"s":[862]}],"ix":4}},"a":{"a":0,"k":[1402,887.5,0],"ix":1},"s":{"a":0,"k":[90,90,100],"ix":6}},"ao":0,"shapes":[{"ty":"gr","it":[{"ind":0,"ty":"sh","ix":1,"ks":{"a":0,"k":{"i":[[113.95,-29.81],[180.711,-74.37],[298.267,-79.46],[71.694,22.73],[-290.067,109.16],[-288.22,77.227],[-104.69,48.611],[-63.831,0.81],[80.19,-105.738],[-25.84,-60.33],[-142.27,-26.755],[81.53,-140.46]],"o":[[-215.149,12.87],[-284.93,117.38],[-75.847,20.321],[-16.218,-326.9],[270.723,-101.87],[93.36,-25.018],[57.52,-27.238],[102.639,-2.831],[-29.95,39.916],[73.12,-55.686],[-12.52,159.886],[-67.41,72.16]],"v":[[648.76,133.153],[88.86,335.073],[-801.79,585.603],[-1021.712,540.913],[-483.903,-44.097],[312.22,-376.208],[566.35,-560.627],[750.071,-603.093],[842.74,-490.856],[853.76,-341.116],[1037.93,-500.211],[883.62,-53.417]],"c":true},"ix":2},"nm":"Path 1","mn":"ADBE Vector Shape - Group","hd":false},{"ty":"fl","c":{"a":0,"k":[0.995999983245,0.991999966491,0.933000033509,1],"ix":4},"o":{"a":0,"k":100,"ix":5},"r":1,"bm":0,"nm":"Fill 1","mn":"ADBE Vector Graphic - Fill","hd":false},{"ty":"tr","p":{"a":0,"k":[1719.458,1034.936],"ix":2},"a":{"a":0,"k":[0,0],"ix":1},"s":{"a":0,"k":[100,100],"ix":3},"r":{"a":0,"k":0,"ix":6},"o":{"a":0,"k":100,"ix":7},"sk":{"a":0,"k":0,"ix":4},"sa":{"a":0,"k":0,"ix":5},"nm":"Transform"}],"nm":"Group 1","np":2,"cix":2,"bm":0,"ix":1,"mn":"ADBE Vector Group","hd":false},{"ty":"gr","it":[{"ind":0,"ty":"sh","ix":1,"ks":{"a":0,"k":{"i":[[4.205,85.771],[0,0],[-75.619,20.27],[-284.94,117.38],[-214.9,13.17],[2.15,-16.85],[5.55,-9.66],[8.7,-6.19],[336.51,-116.66],[72.139,-2.609],[86.984,11.24]],"o":[[0,0],[71.618,22.75],[298.153,-79.89],[180.6,-74.16],[-10.44,13.21],[-1.48,11.531],[-5.55,9.66],[-250.61,177.53],[-66.459,28.96],[-121.743,0.731],[-123.345,-15.56]],"v":[[-912.915,132.155],[-757.464,156.205],[-537.588,200.725],[353.065,-49.805],[912.915,-251.895],[898.515,-204.905],[887.865,-172.775],[866.255,-148.745],[25.896,200.605],[-380.884,232.485],[-774.259,240.655]],"c":true},"ix":2},"nm":"Path 1","mn":"ADBE Vector Shape - Group","hd":false},{"ty":"fl","c":{"a":0,"k":[0.933000033509,0.875,0.875,1],"ix":4},"o":{"a":0,"k":100,"ix":5},"r":1,"bm":0,"nm":"Fill 1","mn":"ADBE Vector Graphic - Fill","hd":false},{"ty":"tr","p":{"a":0,"k":[1455.302,1419.984],"ix":2},"a":{"a":0,"k":[0,0],"ix":1},"s":{"a":0,"k":[100,100],"ix":3},"r":{"a":0,"k":0,"ix":6},"o":{"a":0,"k":100,"ix":7},"sk":{"a":0,"k":0,"ix":4},"sa":{"a":0,"k":0,"ix":5},"nm":"Transform"}],"nm":"Group 2","np":2,"cix":2,"bm":0,"ix":2,"mn":"ADBE Vector Group","hd":false},{"ty":"gr","it":[{"ind":0,"ty":"sh","ix":1,"ks":{"a":0,"k":{"i":[[7.109,-29.593],[-36.96,-45.382],[73.019,-56.389],[-30.25,39.997],[102.401,-3.132],[57.519,-27.239],[93.599,-25.078],[270.716,-101.87],[8.316,-296.92],[59.421,-20.03],[142.797,31.731],[-20.97,92.241],[-93.808,23.67],[-397.528,166.827],[-107.89,1.769],[3.861,3.17],[20.27,0.416],[84.334,-37.492],[146.043,60.835],[-90.257,-6.154],[-245.21,15.991],[-32.34,-27.884],[-44.7,17.643],[-194.839,-22.083]],"o":[[-5.5,58.038],[-142.349,-26.735],[-25.84,-60.331],[80.111,-106.08],[-63.83,0.81],[-104.68,48.61],[-288.21,77.228],[-276.833,104.24],[-59.648,20.099],[-93.39,-73.66],[-84.701,-18.789],[52.668,54.871],[454.153,-114.471],[71.764,-30.103],[5.83,-0.1],[-17.479,-14.595],[-91.282,-1.768],[-137.122,61.049],[61.739,-76.305],[251.015,17.539],[44.451,-2.774],[32.351,27.884],[193.22,-76.172],[67.161,15.539]],"v":[[1244.278,-518.023],[1313.597,-369.465],[1129.448,-209.647],[1118.427,-359.387],[1025.767,-471.624],[842.038,-429.158],[587.908,-244.74],[-208.209,87.368],[-746.018,672.378],[-873.724,671.778],[-1163.625,466.647],[-1292.627,284.647],[-1113.749,315.118],[-80.866,-362.704],[106.028,-497.398],[120.007,-527.736],[59.877,-563.16],[-211.963,-546.154],[-633.71,-534.942],[-378.117,-612.566],[358.257,-659.193],[468.437,-636.906],[578.097,-616.305],[1144.677,-602.45]],"c":true},"ix":2},"nm":"Path 1","mn":"ADBE Vector Shape - Group","hd":false},{"ty":"fl","c":{"a":0,"k":[0.995999983245,0.995999983245,0.870999983245,1],"ix":4},"o":{"a":0,"k":100,"ix":5},"r":1,"bm":0,"nm":"Fill 1","mn":"ADBE Vector Graphic - Fill","hd":false},{"ty":"tr","p":{"a":0,"k":[1443.87,904.171],"ix":2},"a":{"a":0,"k":[0,0],"ix":1},"s":{"a":0,"k":[100,100],"ix":3},"r":{"a":0,"k":0,"ix":6},"o":{"a":0,"k":100,"ix":7},"sk":{"a":0,"k":0,"ix":4},"sa":{"a":0,"k":0,"ix":5},"nm":"Transform"}],"nm":"Group 3","np":2,"cix":2,"bm":0,"ix":3,"mn":"ADBE Vector Group","hd":false},{"ty":"gr","it":[{"ind":0,"ty":"sh","ix":1,"ks":{"a":0,"k":{"i":[[-67.43,72.07],[-14.05,-1.17],[148.76,-54.021],[0,0],[0,0]],"o":[[13.82,1.23],[-84.05,111.07],[0,0],[0,0],[113.63,-30.09]],"v":[[132,-140.486],[168.141,-126.965],[-159.18,140.485],[-168.14,131.914],[-108.069,56.065]],"c":true},"ix":2},"nm":"Path 1","mn":"ADBE Vector Shape - Group","hd":false},{"ty":"fl","c":{"a":0,"k":[0.898000021542,0.811999990426,0.811999990426,1],"ix":4},"o":{"a":0,"k":100,"ix":5},"r":1,"bm":0,"nm":"Fill 1","mn":"ADBE Vector Graphic - Fill","hd":false},{"ty":"tr","p":{"a":0,"k":[2476.607,1112.304],"ix":2},"a":{"a":0,"k":[0,0],"ix":1},"s":{"a":0,"k":[100,100],"ix":3},"r":{"a":0,"k":0,"ix":6},"o":{"a":0,"k":100,"ix":7},"sk":{"a":0,"k":0,"ix":4},"sa":{"a":0,"k":0,"ix":5},"nm":"Transform"}],"nm":"Group 4","np":2,"cix":2,"bm":0,"ix":4,"mn":"ADBE Vector Group","hd":false},{"ty":"gr","it":[{"ind":0,"ty":"sh","ix":1,"ks":{"a":0,"k":{"i":[[-62.42,5.487],[-4.279,-70.862],[101.28,-79.22],[0,0],[-12.05,156.471],[2.88,16.01]],"o":[[131.19,113.704],[-29.29,109.738],[0,0],[75.821,-137.55],[-10.31,-12.098],[62.48,-5.593]],"v":[[-33.735,-322.672],[96.645,25.545],[-67.615,322.672],[-97.455,304.172],[-8.685,-133.925],[-28.925,-177.022]],"c":true},"ix":2},"nm":"Path 1","mn":"ADBE Vector Shape - Group","hd":false},{"ty":"fl","c":{"a":0,"k":[0.917999985639,0.877999997606,0.8,1],"ix":4},"o":{"a":0,"k":100,"ix":5},"r":1,"bm":0,"nm":"Fill 1","mn":"ADBE Vector Graphic - Fill","hd":false},{"ty":"tr","p":{"a":0,"k":[2706.282,667.586],"ix":2},"a":{"a":0,"k":[0,0],"ix":1},"s":{"a":0,"k":[100,100],"ix":3},"r":{"a":0,"k":0,"ix":6},"o":{"a":0,"k":100,"ix":7},"sk":{"a":0,"k":0,"ix":4},"sa":{"a":0,"k":0,"ix":5},"nm":"Transform"}],"nm":"Group 5","np":2,"cix":2,"bm":0,"ix":5,"mn":"ADBE Vector Group","hd":false},{"ty":"gr","it":[{"ind":0,"ty":"sh","ix":1,"ks":{"a":0,"k":{"i":[[61.74,-76.305],[117.679,-5.581],[-341.598,-16.113],[-263.9,15.977],[-99.18,-45.522],[-26.579,-67.627],[187.12,-73.804],[32.05,27.689],[44.41,-2.944],[251.015,17.54]],"o":[[-110.447,15.888],[214.073,-191.322],[263.432,12.294],[100.7,-6.148],[53.4,43.628],[-189.19,-24.054],[-44.691,17.642],[-32.05,-27.689],[-245.2,15.991],[-90.379,-6.303]],"v":[[-757.574,55.271],[-1030.61,186.731],[-234.641,-114.089],[556.691,-159.177],[858.62,-141.209],[1030.61,-9.652],[454.35,-25.94],[344.701,-46.542],[234.51,-68.829],[-501.859,-22.203]],"c":true},"ix":2},"nm":"Path 1","mn":"ADBE Vector Shape - Group","hd":false},{"ty":"fl","c":{"a":0,"k":[0.917999985639,0.877999997606,0.8,1],"ix":4},"o":{"a":0,"k":100,"ix":5},"r":1,"bm":0,"nm":"Fill 1","mn":"ADBE Vector Graphic - Fill","hd":false},{"ty":"tr","p":{"a":0,"k":[1567.947,313.536],"ix":2},"a":{"a":0,"k":[0,0],"ix":1},"s":{"a":0,"k":[100,100],"ix":3},"r":{"a":0,"k":0,"ix":6},"o":{"a":0,"k":100,"ix":7},"sk":{"a":0,"k":0,"ix":4},"sa":{"a":0,"k":0,"ix":5},"nm":"Transform"}],"nm":"Group 6","np":2,"cix":2,"bm":0,"ix":6,"mn":"ADBE Vector Group","hd":false},{"ty":"gr","it":[{"ind":0,"ty":"sh","ix":1,"ks":{"a":0,"k":{"i":[[52.668,54.88],[-89.906,95.27],[-5.243,16.62],[2.595,17.86],[-117.309,73.102],[-110.447,15.887],[-137.122,61.047],[-91.427,-1.727],[-17.49,-14.596],[5.82,-0.099],[71.763,-30.103],[454.154,-114.481]],"o":[[-31.662,-118.16],[11.848,-11.48],[5.242,-16.63],[72.073,-108.136],[117.679,-5.581],[146.346,60.754],[84.183,-37.453],[20.25,0.332],[3.86,3.17],[-107.961,1.514],[-397.559,167.017],[-93.885,23.689]],"v":[[-692.51,406.799],[-624.232,82.758],[-598.202,39.959],[-594.17,-12.561],[-306.446,-281.555],[-33.41,-413.014],[388.337,-424.226],[660.172,-441.232],[720.312,-405.809],[706.332,-375.471],[519.435,-240.777],[-513.555,437.258]],"c":true},"ix":2},"nm":"Path 1","mn":"ADBE Vector Shape - Group","hd":false},{"ty":"fl","c":{"a":0,"k":[0.995999983245,0.991999966491,0.933000033509,1],"ix":4},"o":{"a":0,"k":100,"ix":5},"r":1,"bm":0,"nm":"Fill 1","mn":"ADBE Vector Graphic - Fill","hd":false},{"ty":"tr","p":{"a":0,"k":[843.736,781.651],"ix":2},"a":{"a":0,"k":[0,0],"ix":1},"s":{"a":0,"k":[100,100],"ix":3},"r":{"a":0,"k":0,"ix":6},"o":{"a":0,"k":100,"ix":7},"sk":{"a":0,"k":0,"ix":4},"sa":{"a":0,"k":0,"ix":5},"nm":"Transform"}],"nm":"Group 7","np":2,"cix":2,"bm":0,"ix":7,"mn":"ADBE Vector Group","hd":false},{"ty":"gr","it":[{"ind":0,"ty":"sh","ix":1,"ks":{"a":0,"k":{"i":[[50.85,41.387],[0,0],[-91.4,-67.162],[-10.07,-18.933],[0,0],[22.149,6.494],[0,0]],"o":[[0,0],[102.76,67.958],[16.75,11.842],[18.55,36.15],[-21.88,-7.298],[0,0],[-30.199,-59.62]],"v":[[-157.804,-114.445],[-125.844,-140.188],[68.005,-1.97],[108.865,44.926],[157.804,140.188],[103.115,95.079],[0.054,4.725]],"c":true},"ix":2},"nm":"Path 1","mn":"ADBE Vector Shape - Group","hd":false},{"ty":"fl","c":{"a":0,"k":[0.745000023935,0.541000007181,0.583999992819,1],"ix":4},"o":{"a":0,"k":100,"ix":5},"r":1,"bm":0,"nm":"Fill 1","mn":"ADBE Vector Graphic - Fill","hd":false},{"ty":"tr","p":{"a":0,"k":[2584.373,286.77],"ix":2},"a":{"a":0,"k":[0,0],"ix":1},"s":{"a":0,"k":[100,100],"ix":3},"r":{"a":0,"k":0,"ix":6},"o":{"a":0,"k":100,"ix":7},"sk":{"a":0,"k":0,"ix":4},"sa":{"a":0,"k":0,"ix":5},"nm":"Transform"}],"nm":"Group 8","np":2,"cix":2,"bm":0,"ix":8,"mn":"ADBE Vector Group","hd":false},{"ty":"gr","it":[{"ind":0,"ty":"sh","ix":1,"ks":{"a":0,"k":{"i":[[-6.943,6.25],[-282.83,47.28],[-66.461,28.95],[0,0],[-40.521,-53.84],[240.363,16.93],[37.958,154.4]],"o":[[230.253,204.31],[72.442,-2.68],[0,0],[12.297,37.09],[-224.25,73.24],[-182.783,-12.88],[7.33,-6.62]],"v":[[-579.213,-130.04],[209.111,15.1],[421.527,-11.29],[573.859,-19.21],[525.404,42.66],[-174.839,119.44],[-579.623,-129.75]],"c":true},"ix":2},"nm":"Path 1","mn":"ADBE Vector Shape - Group","hd":false},{"ty":"fl","c":{"a":0,"k":[0.62400004069,0.275,0.383999992819,1],"ix":4},"o":{"a":0,"k":100,"ix":5},"r":1,"bm":0,"nm":"Fill 1","mn":"ADBE Vector Graphic - Fill","hd":false},{"ty":"tr","p":{"a":0,"k":[865.466,1637.959],"ix":2},"a":{"a":0,"k":[0,0],"ix":1},"s":{"a":0,"k":[100,100],"ix":3},"r":{"a":0,"k":0,"ix":6},"o":{"a":0,"k":100,"ix":7},"sk":{"a":0,"k":0,"ix":4},"sa":{"a":0,"k":0,"ix":5},"nm":"Transform"}],"nm":"Group 9","np":2,"cix":2,"bm":0,"ix":9,"mn":"ADBE Vector Group","hd":false},{"ty":"gr","it":[{"ind":0,"ty":"sh","ix":1,"ks":{"a":0,"k":{"i":[[-442.511,-95.71],[30.799,-0.029],[371.742,-57.666],[24.387,5.162]],"o":[[-20.69,23.819],[-378.14,3.181],[-22.179,3.384],[414.37,-136.433]],"v":[[642.182,4.799],[559.361,27.905],[-569.26,87.527],[-642.182,73.256]],"c":true},"ix":2},"nm":"Path 1","mn":"ADBE Vector Shape - Group","hd":false},{"ty":"fl","c":{"a":0,"k":[0.536999990426,0.40800000359,0.383999992819,1],"ix":4},"o":{"a":0,"k":100,"ix":5},"r":1,"bm":0,"nm":"Fill 1","mn":"ADBE Vector Graphic - Fill","hd":false},{"ty":"tr","p":{"a":0,"k":[1690.847,91.161],"ix":2},"a":{"a":0,"k":[0,0],"ix":1},"s":{"a":0,"k":[100,100],"ix":3},"r":{"a":0,"k":0,"ix":6},"o":{"a":0,"k":100,"ix":7},"sk":{"a":0,"k":0,"ix":4},"sa":{"a":0,"k":0,"ix":5},"nm":"Transform"}],"nm":"Group 10","np":2,"cix":2,"bm":0,"ix":10,"mn":"ADBE Vector Group","hd":false},{"ty":"gr","it":[{"ind":0,"ty":"sh","ix":1,"ks":{"a":0,"k":{"i":[[10.888,16.36],[-184.959,156.469],[5.242,-16.63],[11.848,-11.48],[-31.891,-118.111],[-84.701,-18.79],[-77.795,-70.08],[-87.071,1.49],[-121.288,0.611],[230.322,204.569],[46.818,53.981]],"o":[[-63.278,-204],[2.595,17.859],[-5.243,16.62],[-89.906,95.27],[-20.97,92.24],[128.099,28.45],[18.455,79.491],[121.354,-2.18],[-282.762,47.531],[-19.853,-59.83],[-10.843,-16.189]],"v":[[-441.133,80.829],[-319.991,-471.569],[-324.023,-419.049],[-350.053,-376.25],[-418.331,-52.199],[-289.328,129.801],[-27.174,311.479],[140.292,414.641],[504.95,412.15],[-283.374,267],[-408.417,129.809]],"c":true},"ix":2},"nm":"Path 1","mn":"ADBE Vector Shape - Group","hd":false},{"ty":"fl","c":{"a":0,"k":[0.933000033509,0.875,0.827000038297,1],"ix":4},"o":{"a":0,"k":100,"ix":5},"r":1,"bm":0,"nm":"Fill 1","mn":"ADBE Vector Graphic - Fill","hd":false},{"ty":"tr","p":{"a":0,"k":[569.559,1240.659],"ix":2},"a":{"a":0,"k":[0,0],"ix":1},"s":{"a":0,"k":[100,100],"ix":3},"r":{"a":0,"k":0,"ix":6},"o":{"a":0,"k":100,"ix":7},"sk":{"a":0,"k":0,"ix":4},"sa":{"a":0,"k":0,"ix":5},"nm":"Transform"}],"nm":"Group 11","np":2,"cix":2,"bm":0,"ix":11,"mn":"ADBE Vector Group","hd":false},{"ty":"gr","it":[{"ind":0,"ty":"sh","ix":1,"ks":{"a":0,"k":{"i":[[-29.06,107.57],[182.669,-134.39],[416.278,-87.14],[12.069,37.15],[-252.981,186.3],[-84.319,110.96]],"o":[[-32.729,214.01],[-321.5,236.37],[-40.748,-53.78],[301.162,-108.11],[148.83,-54.04],[96.681,-79.081]],"v":[[726.248,-493.565],[432.769,22.775],[-685.5,493.565],[-637.044,431.695],[240.519,66.155],[567.838,-201.295]],"c":true},"ix":2},"nm":"Path 1","mn":"ADBE Vector Shape - Group","hd":false},{"ty":"fl","c":{"a":0,"k":[0.541000007181,0.258999992819,0.344999994016,1],"ix":4},"o":{"a":0,"k":100,"ix":5},"r":1,"bm":0,"nm":"Fill 1","mn":"ADBE Vector Graphic - Fill","hd":false},{"ty":"tr","p":{"a":0,"k":[2076.679,1186.694],"ix":2},"a":{"a":0,"k":[0,0],"ix":1},"s":{"a":0,"k":[100,100],"ix":3},"r":{"a":0,"k":0,"ix":6},"o":{"a":0,"k":100,"ix":7},"sk":{"a":0,"k":0,"ix":4},"sa":{"a":0,"k":0,"ix":5},"nm":"Transform"}],"nm":"Group 12","np":2,"cix":2,"bm":0,"ix":12,"mn":"ADBE Vector Group","hd":false},{"ty":"gr","it":[{"ind":0,"ty":"sh","ix":1,"ks":{"a":0,"k":{"i":[[-20.66,23.905],[-37.571,-28.916],[0,0],[100.391,-6.067],[263.28,12.335],[214.097,-191.236],[72.05,-108.215],[-63.277,-204],[-100.878,155.96],[-389.24,141.03],[-22.179,3.384],[-378.13,3.179]],"o":[[44.55,4.208],[0,0],[-99.191,-45.522],[-264,15.912],[-341.599,-16.113],[-117.331,73.016],[-184.982,156.39],[-128.175,-167.689],[206.078,-318.85],[24.387,5.162],[371.741,-57.666],[30.75,-0.2]],"v":[[1103.634,-612.763],[1229.144,-562.14],[1197.184,-536.398],[895.243,-554.365],[103.913,-509.277],[-692.08,-208.543],[-979.803,60.445],[-1100.969,612.763],[-1098.463,123.955],[-180.728,-544.307],[-107.807,-530.036],[1020.814,-589.656]],"c":true},"ix":2},"nm":"Path 1","mn":"ADBE Vector Shape - Group","hd":false},{"ty":"fl","c":{"a":0,"k":[0.752999997606,0.477999997606,0.545000023935,1],"ix":4},"o":{"a":0,"k":100,"ix":5},"r":1,"bm":0,"nm":"Fill 1","mn":"ADBE Vector Graphic - Fill","hd":false},{"ty":"tr","p":{"a":0,"k":[1229.394,708.724],"ix":2},"a":{"a":0,"k":[0,0],"ix":1},"s":{"a":0,"k":[100,100],"ix":3},"r":{"a":0,"k":0,"ix":6},"o":{"a":0,"k":100,"ix":7},"sk":{"a":0,"k":0,"ix":4},"sa":{"a":0,"k":0,"ix":5},"nm":"Transform"}],"nm":"Group 13","np":2,"cix":2,"bm":0,"ix":13,"mn":"ADBE Vector Group","hd":false}],"ip":0,"op":26,"st":0,"bm":0}],"markers":[]}